ID	ISBN	Price	Title	Teaser	Auth_1	Auth_2	Auth_3	Review	Reviewer	Issue_date	Issue	Record_type	Sub_headline	Headline	Publisher	Pub_date	Categories	SubCategories	Metadata	Image	Field21
2436	1575870908	$8.95	Pinpoint Guide to Alabama & Florida Civil War Sites		Jones, Ray					Fall 1999	1999-09-01	Annotation			Crane Hill Publishers					"<img hspace=6 align=LEFT width=161 height=360 alt=""Product Cover"" border=0 src=""/civilwarbookreview/images/jackets/CondraPinpointGuidetoAlabamandFlorida.jpg"">"	
2438	1560066679	$23.97	Life on the Underground Railroad		Kallen, Stuart A.					June/July 2000	2000-06-01	Annotation								"<img hspace=6 align=LEFT width=161 height=188 alt=""Product Cover"" border=0 src=""/civilwarbookreview/images/jackets/KallenUndergroundRailroad.jpg"">"	
2442	1581820852	$18.95	The Price of Freedom:  Vol. I, The Demise of Slavery		Greenberg, Martin H.	Waugh, Charles G.				Summer 2001	2001-06-01	Annotation			Cumberland House					"<img hspace=6 align=LEFT width=161 height=244 alt=""Product Cover"" border=0 src=""/civilwarbookreview/images/jackets/GreenbergPriceofFreedom.jpg"">"	
3647	966636589		The Penniman Papers: A Georgia Family in the Civil War		Hickox, O.J., Jr., ed.					Winter 2007	2007-02-01	Annotation			The Bryan-Lang Historical Library Foundation, Inc.					"<img hspace=6 align=LEFT width=161 height=209 alt=""Product Cover"" border=0 src=""/civilwarbookreview/images/jackets/ThePennimanPapers.jpg"">"	
3688	9780975372104	$17.95	Fame's Eternal Camping-Grounds: A Historical and the Original Authentic Accounts of the Civil War Battles Fort Donelson, Shiloh, and Vicksburg		Mate, Tammy L. with Larry D. Gensch					Spring 2007	2007-05-01	Annotation			Fame's Eternal Books					"<img hspace=6 align=LEFT width=161 height=245 alt=""Product Cover"" border=0 src=""/civilwarbookreview/images/jackets/FamesEternal.jpg"">"	
3695	970282923	$19.95	Other Noted Guerrillas of the Civil War in Missouri		Wood, Larry					Spring 2007	2007-05-01	Annotation			Hickory Press					"<img hspace=6 align=LEFT width=161 height=251 alt=""Product Cover"" border=0 src=""/civilwarbookreview/images/jackets/OtherNotedGuerrillas.jpg"">"	
4217	9781581826470	$16.95 softcover	The Fog of Gettysburg: The Myths and Mysteries of the Battle		Allers, Ken, Jr.					Spring 2009	2009-05-01	Annotation			Cumberland House					"<img hspace=6 align=LEFT width=161 height=243 alt=""Product Cover"" border=0 src=""/civilwarbookreview/images/jackets/Gettysburg.jpg"">"	
4254	9780681497566	$24.95 softcover	Bedlam South: A Novel		Grisham, Mark	Donaldson, David				Summer 2009	2009-08-01	Annotation			State Street Press					"<img hspace=6 align=LEFT width=161 height=244 alt=""Product Cover"" border=0 src=""/civilwarbookreview/images/jackets/BedlamSouth.jpg"">"	
4269	9780881461084	$35.00 hardcover	Invisible Hero: Patrick R. Cleburne		Stewart, Bruce H., Jr.					Summer 2009	2009-08-01	Annotation			Mercer University Press					"<img hspace=6 align=LEFT width=161 height=242 alt=""Product Cover"" border=0 src=""/civilwarbookreview/images/jackets/InvisibleHero.jpg"">"	
5073	978-0-253-00611-0	$29.00	McClellan's War: The Failure of Moderation in the Struggle for the Union (Now in Paper)		Rafuse, Ethan S.					Spring 2012	2012-05-01	Annotation			Indiana University Press					"<img hspace=6 align=LEFT width=161 height=254 alt=""Product Cover"" border=0 src=""/civilwarbookreview/images/jackets/McClellansWar.jpg"">"	
5082			American Military Shoulder Arms: Colonial and Revolutionary War Arms		Moller, George D.					Spring 2012	2012-05-01	Annotation								"<img hspace=6 align=LEFT width=161 height=219 alt=""Product Cover"" border=0 src=""/civilwarbookreview/images/jackets/AmericanMilitary.jpg"">"	
5091	978-1463584535	$9.95	Clopton's Short History of the Confederate States of America, 1861-1925: A Story of What Might Have Been		Scott, Carole					Spring 2012	2012-05-01	Annotation			CreateSpace					"<img hspace=6 align=LEFT width=161 height=242 alt=""Product Cover"" border=0 src=""/civilwarbookreview/images/jackets/CloptonsShortHistory.jpg"">"	
5097	978-1456580186	$9.63	Joining Up		McGuire, John Jack					Spring 2012	2012-05-01	Annotation			CreateSpace					"<img hspace=6 align=LEFT width=161 height=258 alt=""Product Cover"" border=0 src=""/civilwarbookreview/images/jackets/JoiningUP.jpg"">"	
5821	9781608933464	$19.95	The Rebel Yell & Thee Yankee Hurrah: The Civil War Journal of A Maine Volunteer Private John W. Haley, 17th Maine Regiment		Silliker, Ruth L.					Fall 2014	2014-11-01	Annotation			Down East Books					"<img hspace=6 align=LEFT width=161 height=241 alt=""Product Cover"" border=0 src=""/civilwarbookreview/images/jackets/TheRebellYellHaley.jpg"">"	
5804			Civil War Treasures: <br>Party Planning:  St. Landry Parish, Radical Republicans, and the Vote for the 1867 Constitutional Convention		Laver, Tara					Summer 2014	2014-08-01	Classics									
1097	807117188		The Conservative Regime: South Carolina, 1877-1890		Cooper Jr., William J.										Louisiana State University Press	33482		PolGeneral			
1455	55309633		Grant: A Novel		Byrd, Max					Summer 2000	2000-06-01				Bantam	0000-00-00		BioGeneral, PolGeneral, MilGeneral		"<img hspace=6 align=LEFT width=161 height=243 alt=""Product Cover"" border=0 src=""/civilwarbookreview/images/jackets/MaxByrdGrant.jpg"">"	
1456	813121566		Lincoln of Kentucky		Harrison, Lowell Hayes										University Press of Kentucky	36557		BioGeneral			
1457	312229224		Moonlight: Abraham Lincoln and the Almanac Trial		Walsh, John Evangelist										St. Martin's Press	36647		BioGeneral			
1458	156512166X		Lincoln as I Knew Him: Gossip, Tributes, and Revelations from His Best Friends and Worst Enemies		Holzer, Harold										Algonquin Books of Chapel Hill	36434		BioGeneral			
1459	700610014		Lincoln Seen and Heard		Holzer, Harold										University Press of Kansas	36557		BioGeneral			
1460	671867423		Lincoln at Gettysburg: The Words That Remade America		Wills, Garry										Touchstone Books	34090		BioGeneral			
1461	1558537864		A Commitment to Honor: A Unique Portrait of Abraham Lincoln in His Own Words		Lincoln, Abraham	Leidner, Gordon									Rutledge Hill Press	36586		BioGeneral			
1462	679743987		Sheridan: The Life and Wars of General Phil Sheridan		Morris, Roy, Jr.										Vintage Books	34182		BioGeneral			
1463	195126289		Ambrose Bierce: Alone in Bad Company		Morris, Roy, Jr.										Oxford University Press	36100		BioGeneral			
1464	195124820		The Better Angel: Walt Whitman in the Civil War		Morris, Roy, Jr.										Oxford University Press	36647		BioGeneral			
1465	7055009390		A Man and His Boat: The Civil War Career and Correspondence of Lieutenant Jonathan H. Carter, CSN		Jeter, Katherine Brash										Univeristy of Southwestern Louisiana	0000-00-00		BioGeneral			
1466	813118379		Cushing of Gettysburg: The Story of a Union Artillery Commander		Brown, Kent Masterson										University Press of Kentucky	34274		BioGeneral, MilGeneral			
1467	394569164		Jefferson Davis American		Cooper Jr., William J.										Alfred A. Knopf	36831		BioGeneral			
1470	1883846226		Lou Henry Hoover: The Duty to Service		Colbert, Nancy A.										Morgan Reynolds, Incorporated	35704		BioGeneral			
1471	700608400		Citizen Sherman: A Life of William Tecumseh Sherman		Fellman, Michael										University Press of Kansas	35521		BioGeneral			
1472	393316319		Robert E. Lee: A Biography		Thomas, Emory M.										W. W. Norton & Company, Inc.	35582		BioGeneral			
1473	807819565		Lee Considered: General Robert E. Lee and Civil War History		Nolan, Alan T.										University of North Carolina Press	33359		BioGeneral, Regiment			
1520	312265077		The Black Flower: A Novel of the Civil War		Bahr, Howard										Picador USA	36708		FicGeneral			
1541	870499483		Sharpshooter: A Novel of the Civil War		Madden, David										University of Tennessee Press	35370		FicGeneral			
1542	1345427289		That Fateful Lightning		Parry, Richard										Ballantine	0000-00-00		FicGeneral			
1547	804001081		The Fathers		Tate, Allen	Mixener, Arthur									Swallow Press	32994		FicGeneral			
1564	804108587		The Face of a Stranger		Perry, Anne										Ivy Books	34608		FicGeneral			
1565	140280200		Dead March: A Civil War Mystery		McMillan, Ann										Penguin Books	36404		FicGeneral			
1568	1556618395		Daughter of Twin Oaks		Snelling, Lauraine										Bethany House Publishers	36586		FicGeneral			
1595	76140818		The Civil War: 1860-1865 (The Drama of American History)		Collier, Christopher	Collier, James Lincoln				Winter 2000	2000-12-01				Benchmark Books	0000-00-00		FKGeneral		"<img hspace=6 align=LEFT width=161 height=192 alt=""Product Cover"" border=0 src=""/civilwarbookreview/images/jackets/CollierTheCivilWar.jpg"">"	
1604	73680348		A Civil War Drummer Boy: The Diary of William Bircher, 1861-1865		Sateren, Shelley Swanson										Blue Earth Books	0000-00-00		FKGeneral, FKYA		"<img hspace=6 align=LEFT width=161 height=204 alt=""Product Cover"" border=0 src=""/civilwarbookreview/images/jackets/ShelleySaterenACivilWarDrummerBoy.jpg"">"	
1623	1572490136		The Night Riders of Harpers Ferry		Ernst, Kathleen										White Mane Publishing Company	35125		FKGeneral			
1624	1572490837		The Bravest Girl in Sharpsburg		Ernst, Kathleen										White Mane Publishing Company	35765		FKGeneral			
1761	306809737		Civil War Generalship: The Art of Command		Wood, W. J.										Da Capo Press	36678		FCGeneral, MilGeneral, Technology			
1813	807499718		The Civil War in Appalachia												University of Tennessee Press	0000-00-00		Battles			
1829	96784830		The Memorial War Book		Williams, George F.										Colligo Corp.	0000-00-00		MilGeneral, MilPersonal		"<img hspace=6 align=LEFT width=161 height=214 alt=""Product Cover"" border=0 src=""/civilwarbookreview/images/jackets/GeorgeWilliamsTheMemorialWarBook.jpg"">"	
1877	684833093		Lee's Lieutenants Abridgment: A Study in Command		Freeman, Douglas Southall	Sears, Stephan	McPherson, James M.								Scribner Book Company	35977		MilGeneral			
1878	870499777		Bridge Building in Wartime: Colonel Wesley Brainerd's Memoir of the 50th New York Volunteer Engineers		Malles, Ed	Brainerd, Wesley									University of Tennessee Press	35643		MilGeneral, Technology			
1879	915819201		Constructing Munitions of War: The Portsmouth Navy Yard Confronts the Confederacy, 1861-1865		Winslow, Richard Elliott										Portsmouth Marine Society, the	35855		MilGeneral, Technology			
1880	1570032203		Buff Facings and Gilt Buttons: Staff and Headquarters Operations in the Army of Northern Virginia, 1861-1865		Bartholomees, J. Boone	Bartholomees, James B.									University of South Carolina Press	36069		MilGeneral, Regiment			
1881	811715159		The Story the Soldiers Wouldn't Tell: Sex in the Civil War		Lowry, Thomas P.										Stackpole Books	34516		MilGeneral, Common			
1882	811715973		Tarnished Eagles: The Courts-Martial of Fifty Union Colonels and Lieutenant Colonels		Lowry, Thomas P.	Davis, William C.									Stackpole Books	35796		MilGeneral, Regiment			
1883	873385527		Medical Histories of Union Generals		Welsh, Jack D.										Kent State University Press	35431		MilGeneral, Regiment			
1884	873386493		Medical Histories of Confederate Generals		Welsh, Jack D.										Kent State University Press	36342		MilGeneral, Regiment			
1885	1878208764		War of the Rebellion: A Compilation of the Official Records of the Union and Confederate Armies												Guild Press of Indiana	0000-00-00		MilGeneral, Regiment			
1897	807108235		Generals in Gray		Warner, Ezra J.										Louisiana State University Press	32874		MilGeneral, BioGeneral			
1898	253208637		The Iron Brigade: A Military History		Nolan, Alan T.	Hoyt, Wilson K.	Gallagher, Gary W.								Indiana University Press	34366		MilGeneral, Technology			
1899	945612621		New Perspectives on the Civil War: Myths and Realities of the National Conflict		Simon, John Y.	Stevens, Michael E.									Madison House	35947		MilGeneral, SocGeneral			
1926	1572490403		The United States Marine Corps in the Civil War, 1861		Sullivan, David M.										White Mane Publishing Company	35400		MilGeneral, Battles		"<img hspace=6 align=LEFT width=161 height=237 alt=""Product Cover"" border=0 src=""/civilwarbookreview/images/jackets/SullivanTheUnitedStatesMarineCorps.jpg"">"	
1927	1572490551		The United States Marine Corps in the Civil War - The Second Year		Sullivan, David M.										White Mane Publishing Company	35551		MilGeneral, Battles		"<img hspace=6 align=LEFT width=161 height=237 alt=""Product Cover"" border=0 src=""/civilwarbookreview/images/jackets/SullivanTheUnitedStatesMarineCorps.jpg"">"	
1935	039331359X		Bond of Iron: Master and Slave at Buffalo Forge		Dew, Charles B.										W. W. Norton & Company, Inc.	34943					
1936	807231153		Seasons of War		Daniel E. Sutherland										University of Tennessee Press	0000-00-00		Technology			
2010	93552373		For Home and the Southland: A History of the 48th Georgia Infantry Regiment		Zwemer, John										Butternut & Blue	0000-00-00		Regiment		"<img hspace=6 align=LEFT width=161 height=217 alt=""Product Cover"" border=0 src=""/civilwarbookreview/images/jackets/ZwemerForHomeandtheSouthland.jpg"">"	
2011	25333537		"A Hundred Days to Richmond: Ohio's ""Hundred Days"" Men in the Civil War"		Leeke, Jim										Indiana University Press	0000-00-00		Regiment		"<img hspace=6 align=LEFT width=161 height=242 alt=""Product Cover"" border=0 src=""/civilwarbookreview/images/jackets/JimLeekeAHundredDaystoRichmond.jpg"">"	
2099	195206355		American National Biography		Garraty, John Arthur	American Council Of Learned Societies	Carnes, Mark C.								Oxford University Press	36161		RefGeneral			
2135	82032209		The Civil War as a Crisis in Gender: Augusta, Georgia, 1860-1890		Whites, LeeAnn										University of Georgia Press	0000-00-00		SocGeneral, Women		"<img hspace=6 align=LEFT width=161 height=262 alt=""Product Cover"" border=0 src=""/civilwarbookreview/images/jackets/LeeAnnWhitesTheCivilWarasaCrisisinGender.jpg"">"	
2154	803292570		Inside the White House in War Times: Memoirs and Reports of Lincoln's Secretary		Stoddard, William O.	Burlingame, Michael									University of Nebraska Press	36557		SocGeneral			
2155	1558534148		Atlanta and the War		Garrison, Webb										Rutledge Hill Press	35278		SocGeneral			
2156	807107751		South and Politics of Slavery		Cooper Jr., William J.										Louisiana State University Press	33117		SocGeneral, Slavery			
2157	807123153		Seasons of War: The Ordeal of a Confederate Community, 1861-1865		Sutherland, Daniel E.										Louisiana State University Press	36039		SocGeneral			
2165	819562041		The World the Slaveholders Made: Two Essays in Interpretation		Genovese, Eugene D.										Wesleyan University Press	32905		SocGeneral, Slavery			
2166	394716523		Roll, Jordan, Roll: The World the Slaves Made		Genovese, Eugene D.										Vintage Books	32874		SocGeneral, Slavery			
2167	820307076		Journal of a Residence on a Georgian Plantation in 1838-1839		Thrasher, Brown	Scott, John Anthony									University of Georgia Press	32994		SocGeneral			
2168	394722531		The Plantation Mistress: Woman's World in the Old South		Clinton, Catherine										Pantheon Books	32905		SocGeneral, Women			
2261	1578600588		Southern Historical Society Papers												Guild Press	0000-00-00					
2262	1578600286		Atlas of the Official Records of the Civil War												Guild Press	0000-00-00					
2264	195008585		The Promise of the New South: Life After Reconstruction		Ayers, Edward L.										Oxford University Press	0000-00-00					
2265	195058143		The Road to Disunion: Secessionists at Bay, 1776-1854		Freehling, William W.										Oxford University Press	33117					
2266	080326111X		Hardtack and Coffee, Or, the Unwritten Story of Army Life: The Unwritten Story of Army Life		Billings, John D.	Reed, Charles E.	Shea, William L.								University of Nebraska Press	34182					
2267	1572491310		The 19th Indiana Infantry at Gettysburg:		Venner, William Thomas	White Mane Publishing									White Mane Publishing Company	36100					
2268	1557285047		Peculiar Honor: A History of the 28th Texas Cavalry, 1862-1865		Johansson, M. Jane										University of Arkansas Press	35855					
2271	1577470354		Gettysburg's Forgotten Cavalry Actions		Wittenberg, Eric J.										Thomas Publications	0000-00-00					
2272	803277814		Riding with Custer: Personal Recollections of a Cavalryman		Kidd, J. H.	Hutton, Paul Andrew	Kidd, James Harvey								Bison	35704					
2273	803295561		Custer Victorious: The Civil War Battles of General George Armstrong Custer		Urwin, Gregory J. W.	Frost, Lawrence A.									University of Nebraska Press	32994					
2274	093828987X		Custer and His Wolverines: The Michigan Cavalry Brigade 1861-1865		Longacre, Edward G.										Combined Books	35704					
1131	807826103	$29.95	Long Gray Lines: The Southern Military School Tradition, 1839-1915		Andrew Jr., Rod			Please see print version for full text.		Summer 2001	2001-06-01	Annotation			University of North Carolina Press					"<img src=""/civilwarbookreview/images/jackets/LongGrayLines0807826103.jpg"" width=""158"" height=""239"" align=""left"">"	
1325	087338721x	$9.95	The Fourth Battle of Winchester:  Toward a New Civil War Paradigm		McMurry, Richard M.			Please see print version for full text.		Spring 2002	2002-03-01	Annotation			Kent State University Press					"<img hspace=6 align=LEFT width=161 height=242 alt=""Product Cover"" border=0 src=""/civilwarbookreview/images/jackets/RichardMcMurryTheFourthBattleofWinchester.jpg"">"	
1211			Special Feature: The Civil War in popular culture		Kreiser Jr., Lawrence A.			Please see print version for full text.		Fall 2001	2001-09-01	Classics								"<img hspace=6 align=LEFT width=161 height=242 alt=""Product Cover"" border=0 src=""/civilwarbookreview/images/jackets/kreisercolumn.jpg"">"	
1011	151006415	$27.00	Allegiance: Fort Sumter, Charleston, and the Beginning of the Civil War		Detzer, David			Please see print version for full text.	Davis, Stephen	Summer 2001	2001-06-01	Review			Harcourt					"<img hspace=6 align=LEFT width=161 height=243 alt=""Product Cover"" border=0 src=""/civilwarbookreview/images/jackets/DetzerAllegianceFtSumter.jpg"">"	
1012	670891762	$24.95	Nowhere Else on Earth		Humphreys, Josephine			Please see print version for full text.	Sullivan, Walter	Summer 2001	2001-06-01	Review			Viking Books					"<img hspace=6 align=LEFT width=161 height=251 alt=""Product Cover"" border=0 src=""/civilwarbookreview/images/jackets/HumphreysNowhereElseonEarth.jpg"">"	
1013	60187239	$32.50	April 1865: The Month That Saved America		Winik, Jay			Please see print version for full text.	Reedy, Jory V.	Summer 2001	2001-06-01	Review			HarperCollins Publishers					"<img hspace=6 align=LEFT width=161 height=249 alt=""Product Cover"" border=0 src=""/civilwarbookreview/images/jackets/WinikApril1865.jpg"">"	
1015	077347658X	$119.95	Southern Evangelicals and the Coming of the Civil War		Crowther, Edward R.			Please see print version for full text.	Klugewicz, Stephen M.	Summer 2001	2001-06-01	Review			Edwin Mellen Pr					"<img hspace=6 align=LEFT width=161 height=242 alt=""Product Cover"" border=0 src=""/civilwarbookreview/images/jackets/EdwardCrowtherSouthernEvangelicalsandComingoftheCivilWar.jpg"">"	
1016	684849267	$35.00	Grant		Smith, Jean Edward			Please see print version for full text.	Hardy Jr, James D.	Summer 2001	2001-06-01	Review			Simon & Schuster Books					"<img hspace=6 align=LEFT width=161 height=243 alt=""Product Cover"" border=0 src=""/civilwarbookreview/images/jackets/JeanEdwardSmithGrant.jpg"">"	
1017	807825964	$55.00	The Shaping of Southern Culture: Honor, Grace, and War, 1760s-1880s		Wyatt-Brown, Bertram			Please see print version for full text.	Rarey, Matthew A.	Summer 2001	2001-06-01	Review			University of North Carolina Press					"<img hspace=6 align=LEFT width=161 height=243 alt=""Product Cover"" border=0 src=""/civilwarbookreview/images/jackets/WyattBrownTheShapingofSouthernCulture.jpg"">"	
1018	253337860	$35.00	California Sabers: The 2nd Massachusetts Cavalry in the Civil War		McLean, James			Please see print version for full text.	Woodbury, David	Summer 2001	2001-06-01	Review			Indiana University Press					"<img hspace=6 align=LEFT width=161 height=249 alt=""Product Cover"" border=0 src=""/civilwarbookreview/images/jackets/JamesMcLeanCaliforniaSabers.jpg"">"	
1019	813919827	$19.50	Forgotten Time: The Yazoo-Mississippi Delta after the Civil War		Willis, John C.			Please see print version for full text.	Hamlin, Debi	Summer 2001	2001-06-01	Review			University Press of Virginia					"<img hspace=6 align=LEFT width=161 height=244 alt=""Product Cover"" border=0 src=""/civilwarbookreview/images/jackets/JohnWillisForgottenTime.jpg"">"	
1020	877457581	$42.95	A Perfect Picture of Hell: Eyewitness Accounts by Civil War Prisoners from the 12th Iowa		Genoways, Ted	Genoways, Hugh H.		Please see print version for full text.	Rafuse, Ethan S.	Summer 2001	2001-06-01	Review			University of Iowa Press					"<img hspace=6 align=LEFT width=161 height=240 alt=""Product Cover"" border=0 src=""/civilwarbookreview/images/jackets/GenowaysAPerfectPictureofHell.jpg"">"	
1021	877457581	$42.95	Reconstruction in the Cane Fields: From Slavery to Free Labor in Louisiana's Sugar Parishes, 1862-1880		Rodrigue, John C.			Please see print version for full text.	Eakin, Sue	Summer 2001	2001-06-01	Review			University of Iowa Press					"<img hspace=6 align=LEFT width=161 height=242 alt=""Product Cover"" border=0 src=""/civilwarbookreview/images/jackets/JohnRodrigueReconstructionintheCaneFields.jpg"">"	
1022	875802672	$32.00	Rebels at Rock Island: The Story of a Civil War Prison		McAdams, Benton			Please see print version for full text.	Speer, Lonnie	Summer 2001	2001-06-01	Review			Northern Illinois University Press					"<img hspace=6 align=LEFT width=161 height=239 alt=""Product Cover"" border=0 src=""/civilwarbookreview/images/jackets/BentonMcAdamsRebelsatRockIsland.jpg"">"	
1023	1879852683	$25.00	Tampa In Civil War and Reconstruction		Brown Jr., Canter			Please see print version for full text.	Buker, George E.	Summer 2001	2001-06-01	Review			University of Tampa Press					"<img hspace=6 align=LEFT width=161 height=240 alt=""Product Cover"" border=0 src=""/civilwarbookreview/images/jackets/CanterBrownTampainCivilWarandReconstruction.jpg"">"	
1024	674003322	$29.95	Race and Reunion: The Civil War in American Memory		Blight, David W.			Please see print version for full text.	Kinsel, Amy J.	Summer 2001	2001-06-01	Review			Belknap Press					"<img hspace=6 align=LEFT width=161 height=235 alt=""Product Cover"" border=0 src=""/civilwarbookreview/images/jackets/DavidBlightRaceandReunion.jpg"">"	
1025	157747063X	$19.95	Warner Civil War Cavalry Carbines		Hassell, J. Alan			Please see print version for full text.	Pugh, Joseph	Summer 2001	2001-06-01	Review			Thomas Publications					"<img hspace=6 align=LEFT width=161 height=208 alt=""Product Cover"" border=0 src=""/civilwarbookreview/images/jackets/HassellWarnerCivilWarCavalaryCarbines.jpg"">"	
1026	1572330821	$30.00	Doctor to the Front: The Recollections of Confederate Surgeon Thomas Fanning Wood		Koonce, Donald B.			Please see print version for full text.	Freemon, Frank R.	Summer 2001	2001-06-01	Review			University of Tennessee Press					"<img hspace=6 align=LEFT width=161 height=241 alt=""Product Cover"" border=0 src=""/civilwarbookreview/images/jackets/KoonceDoctortotheFront.jpg"">"	
1027	1579583563	$30.00	The War in the East: 1861-May 1863		Gallagher, Gary W.			Please see print version for full text.	Levin, Kevin	Summer 2001	2001-06-01	Review			Fitzroy Dearborn Pub					"<img hspace=6 align=LEFT width=161 height=240 alt=""Product Cover"" border=0 src=""/civilwarbookreview/images/jackets/GallagherTheWarInTheEast.jpg"">"	
1028	1584650753	$27.95	My Brave Boys To War with Colonel Cross & the Fighting Fifth		Pride, Mike	Travis, Mark		Please see print version for full text.	O'Connor, Tony	Summer 2001	2001-06-01	Review			University Press of New England					"<img hspace=6 align=LEFT width=161 height=237 alt=""Product Cover"" border=0 src=""/civilwarbookreview/images/jackets/MikePrideMyBraveBoys.jpg"">"	
1029	812931149	$39.95	The Civil War Chronicle: Day-By-Day Portrait of America's Tragic Conflict		Gallman, J. Matthew			Please see print version for full text.	Linthicum, Tom	Summer 2001	2001-06-01	Review			Times Books					"<img hspace=6 align=LEFT width=161 height=208 alt=""Product Cover"" border=0 src=""/civilwarbookreview/images/jackets/GallmanTheCivilWarChronicle.jpg"">"	
1030	878332553	$28.95	The Young Eagle: The Rise of Abraham Lincoln		Winkle, Kenneth J.			Please see print version for full text.	Burlingame, Michael A.	Summer 2001	2001-06-01	Review			Taylor Publishing Company (TX)					"<img hspace=6 align=LEFT width=161 height=286 alt=""Product Cover"" border=0 src=""/civilwarbookreview/images/jackets/WinkleTheYoungEagle.jpg"">"	
1031	312872046	$24.95	When This Cruel War Is Over: A Novel of the Civil War		Fleming, Thomas			Please see print version for full text.	Mrazek, Bob	Summer 2001	2001-06-01	Review			Forge					"<img hspace=6 align=LEFT width=161 height=261 alt=""Product Cover"" border=0 src=""/civilwarbookreview/images/jackets/ThomasFlemingWhenThisCruelWarisOver.jpg"">"	
1032	1572491973	$9.95	Rocks and War: Geology and the Civil War Campaign of Second Manassas		Zen, E-an	Walter, Alta		Please see print version for full text.	Whisonant, Robert C.	Summer 2001	2001-06-01	Review			White Mane Publishing Company					"<img hspace=6 align=LEFT width=161 height=246 alt=""Product Cover"" border=0 src=""/civilwarbookreview/images/jackets/ZenRocksandWar.jpg"">"	
1033	1890623032	$14.95	The Blue and Gray Series		Optic, Oliver			Please see print version for full text.	Carter, Betty	Summer 2001	2001-06-01	Review			Lost Classics Book Company					"<img hspace=6 align=LEFT width=161 height=215 alt=""Product Cover"" border=0 src=""/civilwarbookreview/images/jackets/OpticTheBlueandTheGray.jpg"">"	
1183	1572492546	$24.95	Civil War Acoustic Shadows		Ross, Charles D.			Please see print version for full text.	Eicher, David J.	Fall 2001	2001-09-01	Review			White Mane Publishing Company					"<img hspace=6 align=LEFT width=161 height=243 alt=""Product Cover"" border=0 src=""/civilwarbookreview/images/jackets/civilwaracousticshadows.jpg"">"	
1184	1581821956	$16.95	Naval Strategies of the Civil War: Confederate Innovations and Federal Opportunism		Simson, Jay W.			Please see print version for full text.	Cooling, Benjamin Franklin	Fall 2001	2001-09-01	Review			Cumberland House					"<img hspace=6 align=LEFT width=161 height=243 alt=""Product Cover"" border=0 src=""/civilwarbookreview/images/jackets/annoimage.jpg"">"	
1187	1883926130	$27.00	Writing and Fighting the Civil War: Soldier Correspondence to the New York Sunday Mercury		Styple, William B.			Please see print version for full text.	Clark, Margaret L.	Fall 2001	2001-09-01	Review			Belle Grove Publishing Company					"<img hspace=6 align=LEFT width=161 height=243 alt=""Product Cover"" border=0 src=""/civilwarbookreview/images/jackets/writingandfightingthecivilw.jpg"">"	
1188	688160247	$15.95	Red Legs: A Drummer Boy of the Civil War		Lewin, Ted			Please see print version for full text.	Yoder, Carolyn P.	Fall 2001	2001-09-01	Review			HarperCollins Children's Books					"<img hspace=6 align=LEFT width=161 height=243 alt=""Product Cover"" border=0 src=""/civilwarbookreview/images/jackets/redlegs.jpg"">"	
1189	082632102X	$29.95	Texas and New Mexico on the Eve of the Civil War: The Mansfield and Johnston Inspections, 1859-1861		Thompson, Jerry			Please see print version for full text.	Alberts, Don E.	Fall 2001	2001-09-01	Review			University of New Mexico Press					"<img hspace=6 align=LEFT width=161 height=243 alt=""Product Cover"" border=0 src=""/civilwarbookreview/images/jackets/Texas&NewMexico.jpg"">"	
1190	815410301	$29.95	On Campaign with the Army of the Potomac: The Civil War Journal of Theodore Ayrault Dodge		Sears, Stephen W.			Please see print version for full text.	Ethier, Eric	Fall 2001	2001-09-01	Review			Cooper Square Publishers					"<img hspace=6 align=LEFT width=161 height=243 alt=""Product Cover"" border=0 src=""/civilwarbookreview/images/jackets/OnCampaignWithArmy.jpg"">"	
1191	679640223	$16.95	The Secret Service of the Confederate States in Europe or How the Confederate Cruisers were Equipped		Bulloch, James D.			Please see print version for full text.	O'Connor, E. Rory	Fall 2001	2001-09-01	Review			Modern Library					"<img hspace=6 align=LEFT width=161 height=248 alt=""Product Cover"" border=0 src=""/civilwarbookreview/images/jackets/JamesBullochTheSecretService.jpg"">"	
1192	081301834X	$55.00	Archaeological Perspectives on the American Civil War		Geier, Clarence R.	Potter, Stephen R.		Please see print version for full text.	Ross, Charles D.	Fall 2001	2001-09-01	Review			University Press of Florida					"<img hspace=6 align=LEFT width=161 height=243 alt=""Product Cover"" border=0 src=""/civilwarbookreview/images/jackets/archaeologicalperspectives.jpg"">"	
1193	393047709	$75.00	The Encyclopedia of Nineteenth-Century Land Warfare: An Illustrated World View		Farwell, Byron			Please see print version for full text.	Reedy, Jory V.	Fall 2001	2001-09-01	Review			W. W. Norton & Company					"<img hspace=6 align=LEFT width=161 height=243 alt=""Product Cover"" border=0 src=""/civilwarbookreview/images/jackets/encyclopedialandwarfare.jpg"">"	
1194	826213219	$29.95	Gettysburg to Vicksburg:  The Five Original Civil War Battlefield Parks		Hattaway, Herman	Meek, A.J.		Please see print version for full text.	Lighthizer, O. James	Fall 2001	2001-09-01	Review			University of Missouri Press					"<img hspace=6 align=LEFT width=161 height=115 alt=""Product Cover"" border=0 src=""/civilwarbookreview/images/jackets/MeekGettysburgtoVicksburg.jpg"">"	
1195	157249204X	$29.95	Military Justice in the Confederate States Armies		Bunch, Jack A.			Please see print version for full text.	Lowry, Thomas P.	Fall 2001	2001-09-01	Review			White Mane Publishing Company					"<img hspace=6 align=LEFT width=161 height=243 alt=""Product Cover"" border=0 src=""/civilwarbookreview/images/jackets/militaryjusticeintheconfede.jpg"">"	
1196	807125954	$49.95	Divided Hearts: Britain and the American Civil War		Blackett, R.J.M.			Please see print version for full text.	Rable, George C.	Fall 2001	2001-09-01	Review			Louisiana State University Press					"<img hspace=6 align=LEFT width=161 height=243 alt=""Product Cover"" border=0 src=""/civilwarbookreview/images/jackets/DividedHearts.jpg"">"	
1197	670899976	$22.95	Civil Blood: A Civil War Mystery		McMillan, Ann			Please see print version for full text.	Shuman, Malcolm K.	Fall 2001	2001-09-01	Review			Viking Books					"<img hspace=6 align=LEFT width=161 height=243 alt=""Product Cover"" border=0 src=""/civilwarbookreview/images/jackets/AnnMcMillanCivilBlood.jpg"">"	
1198	813529433	$25.00	Beneath the Starry Flag:  New Jersey's Civil War Experience		Siegel, Alan A.			Please see print version for full text.	Collins, Bob	Fall 2001	2001-09-01	Review			Rutgers University Press					"<img hspace=6 align=LEFT width=161 height=243 alt=""Product Cover"" border=0 src=""/civilwarbookreview/images/jackets/beneaththestarryflag.jpg"">"	
1199	803221703	$47.50	The Collapse of the Confederacy		Grimsley,  Mark	Simpson, Brooks D.		Please see print version for full text.	Owens, Mackubin Thomas	Fall 2001	2001-09-01	Review			University of Nebraska Press					"<img hspace=6 align=LEFT width=161 height=243 alt=""Product Cover"" border=0 src=""/civilwarbookreview/images/jackets/collapseoftheconfederacy.jpg"">"	
1200	195141776	$35.00	The Slaveholding Republic: An Account of the United States Government's Relations to Slavery		Fehrenbacher, Don E.	McAfee, Ward M.		Please see print version for full text.	Hardy Jr., James D.	Fall 2001	2001-09-01	Review			Oxford University Press					"<img hspace=6 align=LEFT width=161 height=243 alt=""Product Cover"" border=0 src=""/civilwarbookreview/images/jackets/SlaveholdingRepublic.jpg"">"	
1201	842028811	$65.00	Retreat to Victory? Confederate Strategy Reconsidered		Tanner, Robert G.			Please see print version for full text.	Owens, Mackubin Thomas	Fall 2001	2001-09-01	Review			SR Books					"<img hspace=6 align=LEFT width=161 height=249 alt=""Product Cover"" border=0 src=""/civilwarbookreview/images/jackets/RobertTannerRetreatToVictory.jpg"">"	
1202	1572492082	$5.95	Send 'Em South: Young Heroes of History Series		Kay, Alan N.			Please see print version for full text.	Pfeiffer, Julie	Fall 2001	2001-09-01	Review			White Mane Publishing Co.					"<img hspace=6 align=LEFT width=161 height=232 alt=""Product Cover"" border=0 src=""/civilwarbookreview/images/jackets/AlanKaySendEmSouth.jpg"">"	
1203	1557503338	$46.95	The U.S. Navy and the Origins of the Military-Industrial Complex, 1847-1883		Hackemer, Kurt			Please see print version for full text.	Beeler, John	Fall 2001	2001-09-01	Review			Naval Institute Press					"<img hspace=6 align=LEFT width=161 height=243 alt=""Product Cover"" border=0 src=""/civilwarbookreview/images/jackets/USNavyMilitaryIndustrial.jpg"">"	
1204	1565548728	$10.95	Yankees on the Doorstep: The Story of Sarah Morgan		Smith, Debra West			Please see print version for full text.	Pfeiffer, Julie	Fall 2001	2001-09-01	Review			Pelican Publishing Company					"<img hspace=6 align=LEFT width=161 height=243 alt=""Product Cover"" border=0 src=""/civilwarbookreview/images/jackets/yankeesonthedoorstep.jpg"">"	
1205	807125881	$28.95	An Absolute Massacre: The New Orleans Race Riot of July 30, 1866		Hollandsworth Jr., James G.			Please see print version for full text.	Vandal, Gilles	Fall 2001	2001-09-01	Review			Louisiana State University Press					"<img hspace=6 align=LEFT width=161 height=243 alt=""Product Cover"" border=0 src=""/civilwarbookreview/images/jackets/AbsoluteMassacre.jpg"">"	
1206	195140036	$35.00	Death of an Overseer: Reopening a Murder Investigation from the Plantation South		Wayne, Michael			Please see print version for full text.	Vanderford, Chad	Fall 2001	2001-09-01	Review			Oxford University Press					"<img hspace=6 align=LEFT width=161 height=243 alt=""Product Cover"" border=0 src=""/civilwarbookreview/images/jackets/DeathOfOverseer.jpg"">"	
1207	439073367	$15.95	Girl in Blue		Rinaldi, Ann			Please see print version for full text.	Rougeau, R. Nichole	Fall 2001	2001-09-01	Review			Scholastic					"<img hspace=6 align=LEFT width=161 height=243 alt=""Product Cover"" border=0 src=""/civilwarbookreview/images/jackets/GirlinBlue.jpg"">"	
1208	684859149	$27.50	Gettysburg Day Three		Wert, Jeffry D.			Please see print version for full text.	Bushnell, William D.	Fall 2001	2001-09-01	Review			Simon & Schuster Books					"<img hspace=6 align=LEFT width=161 height=243 alt=""Product Cover"" border=0 src=""/civilwarbookreview/images/jackets/gettysburgdaythree.jpg"">"	
1209	689829353	$16.00	The War Within: A Novel of the Civil War		Matas, Carol			Please see print version for full text.	Rougeau, R. Nichole	Fall 2001	2001-09-01	Review			Simon & Schuster Books for Young Readers					"<img hspace=6 align=LEFT width=161 height=243 alt=""Product Cover"" border=0 src=""/civilwarbookreview/images/jackets/WarWithin.jpg"">"	
1210	1585441031	$34.95	Lafayette of the South: Prince Camille de Polignac and the American Civil War		Kinard, Jeff			Please see print version for full text.	Bergeron Jr., Arthur W.	Fall 2001	2001-09-01	Review			Texas A&M University Press					"<img hspace=6 align=LEFT width=161 height=243 alt=""Product Cover"" border=0 src=""/civilwarbookreview/images/jackets/LafayetteOfSouth.jpg"">"	
1245	1572331011	$46.00	The Blues in Gray: The Civil War Journal of William Daniel Dixon and the Republican Blues Daybook		Durham, Roger S.			Please see print version for full text.	Groce, W. Todd	Winter 2002	2001-12-01	Review			University of Tennessee Press					"<img hspace=6 align=LEFT width=161 height=243 alt=""Product Cover"" border=0 src=""/civilwarbookreview/images/jackets/thebluesingray.jpg"">"	
1246	375409181	$27.50	The Reel Civil War: Mythmaking in American Film		Chadwick, Bruce			Please see print version for full text.	Slotkin, Richard	Winter 2002	2001-12-01	Review			Knopf Alfred A					"<img hspace=6 align=LEFT width=161 height=243 alt=""Product Cover"" border=0 src=""/civilwarbookreview/images/jackets/reelcivilwar.jpg"">"	
1247	873386884	$18.00	Fiction as Fact:  The Horse Soldiers and Popular Memory		York, Neil Longley			Please see print version for full text.	Slotkin, Richard	Winter 2002	2001-12-01	Review			Kent State University Press					"<img hspace=6 align=LEFT width=161 height=243 alt=""Product Cover"" border=0 src=""/civilwarbookreview/images/jackets/fictionasfact.jpg"">"	
1248	195115090	$30.00	Intimate Strategies of the Civil War: Military Commanders and Their Wives		Bleser, Carol K.	Gordon, Lesley J.		Please see print version for full text.	Levin, Kevin M.	Winter 2002	2001-12-01	Review			Oxford University Press					"<img hspace=6 align=LEFT width=161 height=243 alt=""Product Cover"" border=0 src=""/civilwarbookreview/images/jackets/IntimateStrategies.jpg"">"	
1250	826309348	$17.95	I Married a Soldier		Lane, Lydia Spencer			Please see print version for full text.	Blanton, DeAnne	Winter 2002	2001-12-01	Review			University of New Mexico Press					"<img hspace=6 align=LEFT width=161 height=243 alt=""Product Cover"" border=0 src=""/civilwarbookreview/images/jackets/imarriedasoldier.jpg"">"	
1251	786236647	$28.95	Fire on the Waters:  A Novel of the Civil War at Sea		Poyer, David			Please see print version for full text.	Still Jr., William N.	Winter 2002	2001-12-01	Review			Thorndike Press					"<img hspace=6 align=LEFT width=161 height=243 alt=""Product Cover"" border=0 src=""/civilwarbookreview/images/jackets/fireonthewaters.jpg"">"	
1252	807127027	$49.95	A Rebel Wife in Texas:  The Diary and Letters of Elizabeth Scott Neblett, 1852-1864		Murr, Erika L.			Please see print version for full text.	Galante-DeAngelis, Meg	Winter 2002	2001-12-01	Review			Louisiana State University Press					"<img hspace=6 align=LEFT width=161 height=243 alt=""Product Cover"" border=0 src=""/civilwarbookreview/images/jackets/ARebelWifeinTexas.jpg"">"	
1253	821413813	$29.95	Headquarters in the Brush:  Blazer's Independent Union Scouts		Stephenson, Darl L.			Please see print version for full text.	Sutherland,Daniel E.	Winter 2002	2001-12-01	Review			Ohio University Press					"<img hspace=6 align=LEFT width=161 height=243 alt=""Product Cover"" border=0 src=""/civilwarbookreview/images/jackets/headquartersbrush.jpg"">"	
1254	1577470680	$14.95	Papa Was a Boy in Gray: Memories of Confederate Veterans Related by Their Living Daughters		Schaller, Mary W.			Please see print version for full text.	Abraham, Jennifer	Winter 2002	2001-12-01	Review			Thomas Publications					"<img hspace=6 align=LEFT width=161 height=243 alt=""Product Cover"" border=0 src=""/civilwarbookreview/images/jackets/PapawasaBoyinGray.jpg"">"	
1255	786409673	$45.00	African American Southerners in Slavery, Civil War and Reconstruction		Nolen, Claude H.			Please see print version for full text.	Lepschy, Wolfgang	Winter 2002	2001-12-01	Review			McFarland & Company, Incorporated Publishers					"<img hspace=6 align=LEFT width=161 height=243 alt=""Product Cover"" border=0 src=""/civilwarbookreview/images/jackets/africanamericansoutherners.jpg"">"	
1256	807849189	$18.95	Time Full of Trial: The Roanoke Island Freedmen's Colony, 1862-1867		Click, Patricia C.			Please see print version for full text.	Smith, John David	Winter 2002	2001-12-01	Review			The University of North Carolina Press					"<img hspace=6 align=LEFT width=161 height=243 alt=""Product Cover"" border=0 src=""/civilwarbookreview/images/jackets/TimeFullOfTrial.jpg"">"	
1257	811703568	$26.95	Clashes of Cavalry: The Civil War Careers of George Armstrong Custer and Jeb Stuart		Hatch, Thom			Please see print version for full text.	Allen, Stacy D.	Winter 2002	2001-12-01	Review			Stackpole Books					"<img hspace=6 align=LEFT width=161 height=243 alt=""Product Cover"" border=0 src=""/civilwarbookreview/images/jackets/clashesofcavalry.jpg"">"	
1258	1891515039		General Wesley Merritt:  Brandy Station to Manila Bay		Alberts, Don E.			Please see print version for full text.	Allen, Stacy D.	Winter 2002	2001-12-01	Review			The General's Books					"<img hspace=6 align=LEFT width=161 height=242 alt=""Product Cover"" border=0 src=""/civilwarbookreview/images/jackets/DonAlbertsGeneralWesleyMerritt.jpg"">"	
1259	1565548248	$11.95	Civil War in Tennessee		Cottrell, Steve			Please see print version for full text.	Cheathem, Mark R.	Winter 2002	2001-12-01	Review			Pelican Publishing Company, Incorporated					"<img hspace=6 align=LEFT width=161 height=243 alt=""Product Cover"" border=0 src=""/civilwarbookreview/images/jackets/civilwarintennessee.jpg"">"	
1260	1881325474	$25.00	From the Flame of Battle to the Fiery Cross: The 3rd Tennessee Volunteer Infantry		Eldik, James Van			Please see print version for full text.	Cheathem, Mark R.	Winter 2002	2001-12-01	Review			Yucca Tree Press					"<img hspace=6 align=LEFT width=161 height=238 alt=""Product Cover"" border=0 src=""/civilwarbookreview/images/jackets/VanEldikFromtheFlameofBattle.jpg"">"	
1261	807125938	$29.95	The Civil War Diary of a Common Soldier:  William Wiley of the 77th Illinois Infantry		Winschel, Terrence J.			Please see print version for full text.	Anderson, William M.	Winter 2002	2001-12-01	Review			Louisiana State University Press					"<img hspace=6 align=LEFT width=161 height=243 alt=""Product Cover"" border=0 src=""/civilwarbookreview/images/jackets/civilwardiaryofacommonsoldi.jpg"">"	
1262	399147373	$30.00	With My Face to the Enemy: Perspectives on the Civil War		Cowley, Robert			Please see print version for full text.	Neely Jr.,  Mark E.	Winter 2002	2001-12-01	Review			Penguin USA					"<img hspace=6 align=LEFT width=161 height=243 alt=""Product Cover"" border=0 src=""/civilwarbookreview/images/jackets/withmyfacetotheenemy.jpg"">"	
1263	813920183	$35.00	Exile in Richmond: The Confederate Journal of Henri Garidel		Chesson, Michael Bedout	Roberts, Leslie Jean		Please see print version for full text.	Duplantier, Jean-Marc	Winter 2002	2001-12-01	Review			University Press of Virginia					"<img hspace=6 align=LEFT width=161 height=243 alt=""Product Cover"" border=0 src=""/civilwarbookreview/images/jackets/ExileinRichmond.jpg"">"	
1264	865262950		Letters from a North Carolina Unionist: John A. Hedrick to Benjamin S. Hedrick, 1862-1865		Browning, Judkin	Smith, Michael Thomas		Please see print version for full text.	Rubin, Anne Sarah	Winter 2002	2001-12-01	Review			North Carolina Division of Archives & History					"<img hspace=6 align=LEFT width=161 height=243 alt=""Product Cover"" border=0 src=""/civilwarbookreview/images/jackets/lettersfromancunionist.jpg"">"	
1265	826213480	$34.95	A Prussian Observes the American Civil War:  The Military Studies of Justus Scheibert		Trautmann, Frederic			Please see print version for full text.	Crowe, Ian	Winter 2002	2001-12-01	Review			University of Missouri Press					"<img hspace=6 align=LEFT width=161 height=243 alt=""Product Cover"" border=0 src=""/civilwarbookreview/images/jackets/aprussianobservestheamerica.jpg"">"	
1266	842028684	$17.95	A Short History of the Civil War at Sea		Tucker, Spencer C.			Please see print version for full text.	Joiner, Gary D.	Winter 2002	2001-12-01	Review			Scholarly Resources, Inc.					"<img hspace=6 align=LEFT width=161 height=243 alt=""Product Cover"" border=0 src=""/civilwarbookreview/images/jackets/CivilWaratSea.jpg"">"	
1267	60009225	$7.50	Call Each River Jordan		Parry, Owen			Please see print version for full text.	Bennett, James Gordon	Winter 2002	2001-12-01	Review			HarperCollins Publishers					"<img hspace=6 align=LEFT width=161 height=243 alt=""Product Cover"" border=0 src=""/civilwarbookreview/images/jackets/calleachriverjordan.jpg"">"	
1268	807126969	$29.95	Lee in the Shadow of Washington		McCaslin, Richard B.			Please see print version for full text.	Coski, John M.	Winter 2002	2001-12-01	Review			Louisiana State University Press					"<img hspace=6 align=LEFT width=161 height=243 alt=""Product Cover"" border=0 src=""/civilwarbookreview/images/jackets/LeeintheShadowofWashington.jpg"">"	
1269	878441581	$9.95	Make It Three: The Story of the C.S.S. H.L. Hunley Civil War Submarine		Clary, Margie Willis			Please see print version for full text.	Rose, Julia	Winter 2002	2001-12-01	Review			Sandlapper Publishing Company, Incorporated					"<img hspace=6 align=LEFT width=161 height=253 alt=""Product Cover"" border=0 src=""/civilwarbookreview/images/jackets/ClaryMakeitThree.jpg"">"	
1270	873387082	$35.00	The Business of Captivity:  Chemung Valley Elmira and Its Civil War Prison		Gray, Michael P.			Please see print version for full text.	Urwin, Gregory J. W.	Winter 2002	2001-12-01	Review			Kent State University Press					"<img hspace=6 align=LEFT width=161 height=243 alt=""Product Cover"" border=0 src=""/civilwarbookreview/images/jackets/businessofcaptivity.jpg"">"	
1271	700611371	$34.95	Lincoln and Davis:  Imagining America, 1809-1865		Dirck, Brian R.			Please see print version for full text.	Cooper, William J.	Winter 2002	2001-12-01	Review			University Press of Kansas					"<img hspace=6 align=LEFT width=161 height=243 alt=""Product Cover"" border=0 src=""/civilwarbookreview/images/jackets/lincolnanddavisimagining.jpg"">"	
1285	820322881	$45.00	Enemies of the Country: New Perspectives on Unionists in the Civil War South		Inscoe, John C.	Kenzer, Robert C.		Please see print version for full text.	Hettle, Wallace	Spring 2002	2002-03-01	Review			University of Georgia Press					"<img hspace=6 align=LEFT width=161 height=243 alt=""Product Cover"" border=0 src=""/civilwarbookreview/images/jackets/EnemiesoftheCountry.jpg"">"	
1286	803218184	$34.95	Struggle for the Heartland: The Campaign from Fort Henry to Corinth		Engle, Stephen D.			Please see print version for full text.	Paskoff, Paul F.	Spring 2002	2002-03-01	Review			University of Nebraska Press					"<img hspace=6 align=LEFT width=161 height=243 alt=""Product Cover"" border=0 src=""/civilwarbookreview/images/jackets/strugglefortheheartland.jpg"">"	
1287	807127035	$39.95	Campbell Brown's Civil War:  With Ewell and the Army of Northern Virginia		Jones, Terry L.			Please see print version for full text.	Deppen,  John	Spring 2002	2002-03-01	Review			Louisiana State University Press					"<img hspace=6 align=LEFT width=161 height=243 alt=""Product Cover"" border=0 src=""/civilwarbookreview/images/jackets/CampbellBrown'sCivilWar.jpg"">"	
1288	252026497	$34.95	Lincoln's Rail-Splitter: Governor Richard J. Oglesby		Plummer, Mark A.			Please see print version for full text.	Vandiver, Frank E.	Spring 2002	2002-03-01	Review			University of Illinois Press					"<img hspace=6 align=LEFT width=161 height=243 alt=""Product Cover"" border=0 src=""/civilwarbookreview/images/jackets/LincolnsRailSplitter.jpg"">"	
1289	873514076	$34.95	No More Gallant a Deed:  A Civil War Memoir of the First Minnesota Volunteers		Wright, James A.	Keillor, Steven J.		Please see print version for full text.	Laff, Michael	Spring 2002	2002-03-01	Review			Minnesota Historical Society Press					"<img hspace=6 align=LEFT width=161 height=243 alt=""Product Cover"" border=0 src=""/civilwarbookreview/images/jackets/NoMoreGallantADeed.jpg"">"	
1290	700610995	$29.95	While God Is Marching On:  The Religious World of Civil War Soldiers		Woodworth, Steven E.			Please see print version for full text.	Jones, Carolyn M.	Spring 2002	2002-03-01	Review			University Press of Kansas					"<img hspace=6 align=LEFT width=161 height=243 alt=""Product Cover"" border=0 src=""/civilwarbookreview/images/jackets/WhileGodisMarchingON.jpg"">"	
1291	1929175485	$16.95	Reconstructed Yankee		Maples, Jack			Please see print version for full text.	Stauffer, John	Spring 2002	2002-03-01	Review			Cote Literary Group					"<img hspace=6 align=LEFT width=161 height=243 alt=""Product Cover"" border=0 src=""/civilwarbookreview/images/jackets/ReconstructedYankee.jpg"">"	
1292	813920345	$17.50	Ashe County's Civil War:  Community and Society in the Appalachian South		Crawford, Martin			Please see print version for full text.	Fisher, Noel	Spring 2002	2002-03-01	Review			University Press of Virginia					"<img hspace=6 align=LEFT width=161 height=243 alt=""Product Cover"" border=0 src=""/civilwarbookreview/images/jackets/AsheCoutny'sCivilWar.jpg"">"	
1293	66214440	$24.95	Enemy Women:  A Novel		Jiles, Paulette			Please see print version for full text.	Pulliam, June	Spring 2002	2002-03-01	Review			Morrow, William & Co					"<img hspace=6 align=LEFT width=161 height=243 alt=""Product Cover"" border=0 src=""/civilwarbookreview/images/jackets/EnemyWomen.jpg"">"	
1294	811701395	$26.95	Army Life in Virginia: The Civil War Letters of George G. Benedict		Ward, Eric			Please see print version for full text.	Wickman, Don	Spring 2002	2002-03-01	Review			Stackpole Books					"<img hspace=6 align=LEFT width=161 height=243 alt=""Product Cover"" border=0 src=""/civilwarbookreview/images/jackets/ArmyLifeinVirginia.jpg"">"	
1295	1883620082	$44.95	Civil War Medicine: Challenges and Triumphs		Bollet  M.D.,  Alfred Jay			Please see print version for full text.	Smith, JaNeen M.	Spring 2002	2002-03-01	Review			Galen Press, Limited					"<img hspace=6 align=LEFT width=161 height=243 alt=""Product Cover"" border=0 src=""/civilwarbookreview/images/jackets/CivilWarMedicine.jpg"">"	
1296	084202929X	$17.95	The Mosby Myth:  A Confederate Hero in Life and Legend		Ashdown, Paul	Caudill, Edward		Please see print version for full text.	Alexander, Ted	Spring 2002	2002-03-01	Review			Scholarly Resources, Inc.					"<img hspace=6 align=LEFT width=161 height=243 alt=""Product Cover"" border=0 src=""/civilwarbookreview/images/jackets/TheMosbyMyth.jpg"">"	
1297	521652677	$30.00	Final Freedom: The Civil War, the Abolition of Slavery, and the Thirteenth Amendment		Vorenberg, Michael			Please see print version for full text.	Hardy Jr., James D.	Spring 2002	2002-03-01	Review			Cambridge University Press					"<img hspace=6 align=LEFT width=161 height=243 alt=""Product Cover"" border=0 src=""/civilwarbookreview/images/jackets/FinalFreedom.jpg"">"	
1298	807849685	$19.95	The Irish in the South, 1815-1877		Gleeson, David T.			Please see print version for full text.	Gannon, James P.	Spring 2002	2002-03-01	Review			University of North Carolina Press					"<img hspace=6 align=LEFT width=161 height=243 alt=""Product Cover"" border=0 src=""/civilwarbookreview/images/jackets/TheIrishintheSouth.jpg"">"	
1299	865591865	$14.95	Terrain of Freedom:  American Art and the Civil War Museum Studies, Vol. 27, No. 1		Art Institute of Chicago			Please see print version for full text.	Bassham, Ben	Spring 2002	2002-03-01	Review			The Art Institute of Chicago					"<img hspace=6 align=LEFT width=161 height=243 alt=""Product Cover"" border=0 src=""/civilwarbookreview/images/jackets/TerrainofFreedom.jpg"">"	
1300	811703401	$26.95	Cathy Williams: From Slave to Buffalo Solider		Tucker, Phillip Thomas			Please see print version for full text.	Berkowitz, L. M.	Spring 2002	2002-03-01	Review			Stackpole					"<img hspace=6 align=LEFT width=161 height=243 alt=""Product Cover"" border=0 src=""/civilwarbookreview/images/jackets/CathyWilliams.jpg"">"	
1301	684849445	$40.00	The Longest Night:  A Military History of the Civil War		Eicher, David J.			Please see print version for full text.	Janda, Lance	Spring 2002	2002-03-01	Review			Simon & Schuster Trade					"<img hspace=6 align=LEFT width=161 height=243 alt=""Product Cover"" border=0 src=""/civilwarbookreview/images/jackets/TheLongestNight.jpg"">"	
1302	1585441317	$24.95	Civil War in the Southwest:  Recollections of the Sibley Brigade		Thompson, Jerry			Please see print version for full text.	Parrish, T. Michael	Spring 2002	2002-03-01	Review			Texas A&M University Press					"<img hspace=6 align=LEFT width=161 height=243 alt=""Product Cover"" border=0 src=""/civilwarbookreview/images/jackets/CivilWarintheSouthwest.jpg"">"	
1303	1570034079	$34.95	Northern Naval Superiority and the Economics of the American Civil War		Surdam, David G.			Please see print version for full text.	Majewski, John	Spring 2002	2002-03-01	Review			University of South Carolina Press					"<img hspace=6 align=LEFT width=161 height=243 alt=""Product Cover"" border=0 src=""/civilwarbookreview/images/jackets/NothernNavalSuperiority.jpg"">"	
1304	807826367	$29.92	The Free State of Jones: Mississippi's Longest Civil War		Bynum, Victoria E.			Please see print version for full text.	Robins, Glenn	Spring 2002	2002-03-01	Review			University of North Carolina Press					"<img hspace=6 align=LEFT width=161 height=243 alt=""Product Cover"" border=0 src=""/civilwarbookreview/images/jackets/FreeStateofJones.jpg"">"	
1305	765301148	$21.95	We Look Like Men of War		Forstchen, William R.			Please see print version for full text.	Hollandsworth Jr., James G.	Spring 2002	2002-03-01	Review			Doherty, Tom Associates, LLC					"<img hspace=6 align=LEFT width=161 height=243 alt=""Product Cover"" border=0 src=""/civilwarbookreview/images/jackets/WelooklikeMenofWar.jpg"">"	
1306	807849316	$24.95	Faulkner's County:  The Historical Roots of Yoknapatawpha		Doyle, Don H.			Please see print version for full text.	Atkinson,Ted	Spring 2002	2002-03-01	Review			University of North Carolina Press					"<img hspace=6 align=LEFT width=161 height=243 alt=""Product Cover"" border=0 src=""/civilwarbookreview/images/jackets/FaulknersCounty.jpg"">"	
1307	813122171	$29.95	Blood on the Moon: The Assassination of Abraham Lincoln		Steers Jr., Edward			Please see print version for full text.	Pinsker, Matthew	Spring 2002	2002-03-01	Review			University Press of Kentucky					"<img hspace=6 align=LEFT width=161 height=243 alt=""Product Cover"" border=0 src=""/civilwarbookreview/images/jackets/BloodontheMoon.jpg"">"	
1308	374291950	$24.00	The Wolf Pit		Youmans, Marly			Please see print version for full text.	Thomas III, William G.	Spring 2002	2002-03-01	Review			Farrar, Straus and Giroux					"<img hspace=6 align=LEFT width=161 height=243 alt=""Product Cover"" border=0 src=""/civilwarbookreview/images/jackets/TheWolfPit.jpg"">"	
1309	1892041421	$45.00	Lincoln's Assassins:  Their Trial and Execution		Swanson, James L.	Weinberg, Daniel R.		Please see print version for full text.	McNamara, George	Spring 2002	2002-03-01	Review			Arena Editions					"<img hspace=6 align=LEFT width=161 height=243 alt=""Product Cover"" border=0 src=""/civilwarbookreview/images/jackets/Lincoln'sAssassins.jpg"">"	
1310	1572331348	$19.50	Wilderness:   A Tale of the Civil War		Warren, Robert Penn			Please see print version for full text.	Gramm, Kent	Spring 2002	2002-03-01	Review			University of Tennessee Press					"<img hspace=6 align=LEFT width=161 height=243 alt=""Product Cover"" border=0 src=""/civilwarbookreview/images/jackets/Wilderness.jpg"">"	
1311	813122090	$35.00	Perryville:  This Grand Havoc of Battle		Noe, Kenneth W.			Please see print version for full text.	Benson, John	Spring 2002	2002-03-01	Review			University Press of Kentucky					"<img hspace=6 align=LEFT width=161 height=243 alt=""Product Cover"" border=0 src=""/civilwarbookreview/images/jackets/PerryvilleThisGrandHavocofBattle.jpg"">"	
1312	208024468	$25.00	Tragic Prelude:  Bleeding Kansas		Zeinert,  Karen			Please see print version for full text.	Langum, Connie	Spring 2002	2002-03-01	Review			Shoe String Press, Incorporated					"<img hspace=6 align=LEFT width=161 height=243 alt=""Product Cover"" border=0 src=""/civilwarbookreview/images/jackets/TragicPrelude.jpg"">"	
1313	070061124X	$34.95	Civil War: St. Louis		Gerteis, Louis S.			Please see print version for full text.	Ligget, Larry G.	Spring 2002	2002-03-01	Review			University Press of Kansas					"<img hspace=6 align=LEFT width=161 height=243 alt=""Product Cover"" border=0 src=""/civilwarbookreview/images/jackets/CivilWarStLouis.jpg"">"	
1314	805061584	$16.95	Ghost Soldier		Alphin, Elaine Marie			Please see print version for full text.	Yoder, Carolyn P.	Spring 2002	2002-03-01	Review			Henry Holt & Company, Incorporated					"<img hspace=6 align=LEFT width=161 height=243 alt=""Product Cover"" border=0 src=""/civilwarbookreview/images/jackets/GhostSoldier.jpg"">"	
1315	195141636	$20.00	The Boy of Chancellorville:  And Other Civil War Stories		Marten, James			Please see print version for full text.	Clayton, Nancy	Spring 2002	2002-03-01	Review			Oxford University Press					"<img hspace=6 align=LEFT width=161 height=243 alt=""Product Cover"" border=0 src=""/civilwarbookreview/images/jackets/BoyofChancellorville.jpg"">"	
1351	811708985	$36.95	Lee's Cavalrymen: A History of the Mounted Forces of the Army of Northern Virginia 1861-1865		Longacre, Edward G.			Please see print version for full text.	Reedy, Jory V.	Summer 2002	2002-06-01	Review			Stackpole Books					"<img hspace=6 align=LEFT width=161 height=243 alt=""Product Cover"" border=0 src=""/civilwarbookreview/images/jackets/leescavalrymen.jpg"">"	
1352	743222261	$21.00	The Runaway Quilt		Chaverini, Jennifer			Please see print version for full text.	Cash, Floris Barnett	Summer 2002	2002-06-01	Review			Simon & Schuster					"<img hspace=6 align=LEFT width=161 height=243 alt=""Product Cover"" border=0 src=""/civilwarbookreview/images/jackets/runawayquilt.jpg"">"	
1353	155849300X	$45.00	Young Charles Sumner and the Legacy of the American Enlightenment 1811-1851		Taylor, Anne-Marie			Please see print version for full text.	Palmer, Beverly Wilson	Summer 2002	2002-06-01	Review			University of Massachusetts Press					"<img hspace=6 align=LEFT width=161 height=243 alt=""Product Cover"" border=0 src=""/civilwarbookreview/images/jackets/YoungCharlesSumner.jpg"">"	
1354	811709973	$24.95	My Brother's Keeper: Union and Confederate Soldiers' Acts of Mercy During the Civil War		Rolph, Daniel N.			Please see print version for full text.	Mehaffey, Karen Rae	Summer 2002	2002-06-01	Review			Stackpole Books					"<img hspace=6 align=LEFT width=161 height=243 alt=""Product Cover"" border=0 src=""/civilwarbookreview/images/jackets/MyBrother'sKeeper.jpg"">"	
1355	807127523	$34.95	Blood Image: Turner Ashby in the Civil War and the Southern Mind		Anderson, Paul Christopher			Please see print version for full text.	Engle, Stephen D.	Summer 2002	2002-06-01	Review			Louisiana State University Press					"<img hspace=6 align=LEFT width=161 height=243 alt=""Product Cover"" border=0 src=""/civilwarbookreview/images/jackets/BloodImage.jpg"">"	
1356	306811197	$27.50	Four Years With the Iron Brigade: The Civil War Journal of William Ray		Herdegen, Lance			Please see print version for full text.	Murphy, Sherry	Summer 2002	2002-06-01	Review			Da Capo Press					"<img hspace=6 align=LEFT width=161 height=243 alt=""Product Cover"" border=0 src=""/civilwarbookreview/images/jackets/FourYearswiththeIronBrigade.jpg"">"	
1357	807826731	$45.00	Fredericksburg! Fredericksburg!		Rable, George C.			Please see print version for full text.	Levin, Kevin M.	Summer 2002	2002-06-01	Review			University of North Carolina Press					"<img hspace=6 align=LEFT width=161 height=243 alt=""Product Cover"" border=0 src=""/civilwarbookreview/images/jackets/Fredericksburg.jpg"">"	
1358	1878086936	$24.95	Death by Journalism? One Teacher's Fateful Encounter with Political Correctness		Bledsoe, Jerry			Please see print version for full text.	Brundage, W. Fitzhugh	Summer 2002	2002-06-01	Review			Down Home Press					"<img hspace=6 align=LEFT width=161 height=243 alt=""Product Cover"" border=0 src=""/civilwarbookreview/images/jackets/DeathbyJournalism.jpg"">"	
1359	811714322	$26.95	Elmira: Death Camp of the North		Horigan, Michael			Please see print version for full text.	Speer, Lonnie	Summer 2002	2002-06-01	Review			Stackpole Books					"<img hspace=6 align=LEFT width=161 height=243 alt=""Product Cover"" border=0 src=""/civilwarbookreview/images/jackets/elmira.jpg"">"	
1360	080322012X	$49.95	On to Atlanta: The Civil War Diaries of John Hill Ferguson, Illinois Tenth Regiment of Volunteers		Ellison, Janet Correll	Weitz, Mark A.		Please see print version for full text.	Bourne, Frank Edward	Summer 2002	2002-06-01	Review			University of Nebraska Press					"<img hspace=6 align=LEFT width=161 height=243 alt=""Product Cover"" border=0 src=""/civilwarbookreview/images/jackets/ontoatlanta.jpg"">"	
1361	842029311	$18.95	The Loyal, True, and Brave:  America's Civil War Soldiers		Woodworth, Steven E.			Please see print version for full text.	Gordon, Lesley J.	Summer 2002	2002-06-01	Review			Scholarly Resources, Inc.					"<img hspace=6 align=LEFT width=161 height=243 alt=""Product Cover"" border=0 src=""/civilwarbookreview/images/jackets/loyaltrueandbrave.jpg"">"	
1362	253340322	$29.95	November: Lincoln's Elegy at Gettysburg		Gramm, Kent			Please see print version for full text.	Mann, Robert	Summer 2002	2002-06-01	Review			Indiana University Press					"<img hspace=6 align=LEFT width=161 height=243 alt=""Product Cover"" border=0 src=""/civilwarbookreview/images/jackets/november.jpg"">"	
1363	1574883054	$27.50	War of Words: Abraham Lincoln and the Civil War Press		Maihafer, Harry J.			Please see print version for full text.	Hardy Jr., James D.	Summer 2002	2002-06-01	Review			Brassey's, Inc.					"<img hspace=6 align=LEFT width=161 height=243 alt=""Product Cover"" border=0 src=""/civilwarbookreview/images/jackets/warofwords.jpg"">"	
1364	684865858	$35.00	Look Away! A History of the Confederate States of America		Davis, William C.			Please see print version for full text.	Willis, John C.	Summer 2002	2002-06-01	Review			The Free Press					"<img hspace=6 align=LEFT width=161 height=243 alt=""Product Cover"" border=0 src=""/civilwarbookreview/images/jackets/LookAway.jpg"">"	
1365	439369088	$4.99	Flying Free:  Corey's Underground Railroad Diary, Book Two		Wyeth, Sharon Dennis			Please see print version for full text.	Smith, Edna Jordan	Summer 2002	2002-06-01	Review			Scholastic, Inc.					"<img hspace=6 align=LEFT width=161 height=243 alt=""Product Cover"" border=0 src=""/civilwarbookreview/images/jackets/flyingfree.jpg"">"	
1366	807849820	$19.95	Listening to Nineteenth-Century America		Smith, Mark M.			Please see print version for full text.	Grele, Ronald J.	Summer 2002	2002-06-01	Review			University of North Carolina Press					"<img hspace=6 align=LEFT width=161 height=243 alt=""Product Cover"" border=0 src=""/civilwarbookreview/images/jackets/listeningtonineteenthcentur.jpg"">"	
1367	823221458	$50.00	Union Soldiers and the Northern Home Front: Wartime Experiences, Postwar Adjustments		Cimbala, Paul A.	Miller, Randall M.		Please see print version for full text.	Hattaway, Herman	Summer 2002	2002-06-01	Review			Fordham University Press					"<img hspace=6 align=LEFT width=161 height=243 alt=""Product Cover"" border=0 src=""/civilwarbookreview/images/jackets/unionsoliderandthenorthern.jpg"">"	
1368	874042836	$18.50	The Civil War in West Texas and New Mexico: The Lost Letterbook of Brigadier General Henry Hopkins Sibley		Wilson, John P.	Thompson, Jerry		Please see print version for full text.	Joiner, Gary D.	Summer 2002	2002-06-01	Review			Texas Western Press					"<img hspace=6 align=LEFT width=161 height=243 alt=""Product Cover"" border=0 src=""/civilwarbookreview/images/jackets/civilwarinwesttexasandnewme.jpg"">"	
1369	807853526	$24.95	The Planter's Prospect: Privilege & Slavery in Plantation Paintings		Vlach, John Michael			Please see print version for full text.	Edwards, Jay Dearborn	Summer 2002	2002-06-01	Review			University of North Carolina Press					"<img hspace=6 align=LEFT width=161 height=201 alt=""Product Cover"" border=0 src=""/civilwarbookreview/images/jackets/ThePlanter'sProspect.jpg"">"	
1370	380977524	$27.95	A Scythe of Fire:  A Civil War Story of the Eighth Georgia Infantry Regiment		Wilkinson, Warren	Woodworth, Steven E.		Please see print version for full text.	Brown, Myers	Summer 2002	2002-06-01	Review			Morrow,William & Co					"<img hspace=6 align=LEFT width=161 height=243 alt=""Product Cover"" border=0 src=""/civilwarbookreview/images/jackets/A Scythe of Fire.jpg"">"	
1677	807128066	$29.95	They Fought Like Demons: Women Soldiers in the American Civil War		Blanton, DeAnne	Cook, Lauren M.		Please see print version for full text.	Galante-DeAngelis, Meg	Winter 2003	2002-12-01	Review	Authors explore uncommon soldiers	Women at war	Louisiana State University Press					"<img hspace=6 align=LEFT width=161 height=243 alt=""Product Cover"" border=0 src=""/civilwarbookreview/images/jackets/theyfoughtlikedemons.jpg"">"	
1679	813920957	$49.50	Freedom's Promise: Ex-Slave Families and Citizenship in the Age of Emancipation		Regosin, Elizabeth			Please see print version for full text.	McAfee, Ward M.	Winter 2003	2002-12-01	Review	Pension records illustrate African-American culture	A nation's transition	University Press of Virginia					"<img hspace=6 align=LEFT width=161 height=243 alt=""Product Cover"" border=0 src=""/civilwarbookreview/images/jackets/FreedomsPromise.jpg"">"	
1680	938420798	$16.00	Yellow Flag: The Civil War Journal of Surgeon's StewardC. Marion Dodson		Earp, Charles Albert			Please see print version for full text.	Smith, Janeen M.	Winter 2003	2002-12-01	Review	Journal offers insight into yellow fever epidemic	A most deadly foe	Maryland Historical Society					"<img hspace=6 align=LEFT width=161 height=243 alt=""Product Cover"" border=0 src=""/civilwarbookreview/images/jackets/YellowFlag.jpg"">"	
1681	674007425	$24.95	The Union Divided: Party Conflict in the Civil War North		Neely Jr., Mark E.			Please see print version for full text.	Hardy Jr., James D.	Winter 2003	2002-12-01	Review	Party politics hindered war effort	Bullets and ballots	Harvard University Press					"<img hspace=6 align=LEFT width=161 height=243 alt=""Product Cover"" border=0 src=""/civilwarbookreview/images/jackets/TheUnionDivided.jpg"">"	
1682	865547386	$35.00	Righteous Armies, Holy Cause: Apocalyptic Imagery and the Civil War		Aamodt, Terrie Dopp			Please see print version for full text.	Payne , Rodger	Winter 2003	2002-12-01	Review	Apocalyptic rhetoric shook north and south	God of battles	Mercer University Press					"<img hspace=6 align=LEFT width=161 height=243 alt=""Product Cover"" border=0 src=""/civilwarbookreview/images/jackets/RighteousArmiesHolyCause.jpg"">"	
1683	679642625	$22.95	Some Memories of a Long Life, 1854-1911		Harlan, Malvina Shanklin			Please see print version for full text.	McMillen, Sally G.	Winter 2003	2002-12-01	Review	Wife's memoirs focus on judge's career	Singular devotion	Modern Library					"<img hspace=6 align=LEFT width=161 height=243 alt=""Product Cover"" border=0 src=""/civilwarbookreview/images/jackets/SomeMemoriesofaLongLife.jpg"">"	
1684	826214037	$32.50	Louisianians in the Civil War		Hewitt, Lawrence Lee	Bergeron Jr., Arthur W.		Please see print version for full text.	Rodrigue, John C.	Winter 2003	2002-12-01	Review	Collection of essays examines diversity of wartime experience	Many faces, many facets	University of Missouri Press					"<img hspace=6 align=LEFT width=161 height=243 alt=""Product Cover"" border=0 src=""/civilwarbookreview/images/jackets/LouisianiansintheCivilWar.jpg"">"	
1685	1572493011	$19.95	Swallowed Up In Victory: A Civil War Narrative Petersburg, 18641865		Passarella, Lee			Please see print version for full text.	Calkins, Chris	Winter 2003	2002-12-01	Review	Historical and fictitious characters recreate stalemate	Poetic Petersburg	Burd Street Press					"<img hspace=6 align=LEFT width=161 height=243 alt=""Product Cover"" border=0 src=""/civilwarbookreview/images/jackets/SwallowedUpinVictory.jpg"">"	
1686	1889274186	$25.00	Meade's Reprise: A Novel of Gettysburg, War and Intrigue		Merriam, John Duke			Please see print version for full text.	Ashdown, Paul	Winter 2003	2002-12-01	Review	Rewriting Meade vs. Lee	Alternate history	Posterity Press					"<img hspace=6 align=LEFT width=161 height=243 alt=""Product Cover"" border=0 src=""/civilwarbookreview/images/jackets/MeadesReprise.jpg"">"	
1687	1572492724	$19.95	Slaves Who Dared: The Stories of Ten African-American Heroes		Garrison, Mary			Please see print version for full text.	Yoder, Carolyn P.	Winter 2003	2002-12-01	Review	African-American heroes tell their stories	Life after slavery	White Mane Kids					"<img hspace=6 align=LEFT width=161 height=243 alt=""Product Cover"" border=0 src=""/civilwarbookreview/images/jackets/SlavesWhoDared.jpg"">"	
1688	374316775	$18.00	The Spirit and Gilly Bucket		Dahlberg, Maurine F.			Please see print version for full text.	Rose, Julia	Winter 2003	2002-12-01	Review	Coming-of-age tale explores complex historical relationships	Spirit and spitfire	Farrar, Straus and Giroux					"<img hspace=6 align=LEFT width=161 height=243 alt=""Product Cover"" border=0 src=""/civilwarbookreview/images/jackets/TheSpiritandGillyBucket.jpg"">"	
2284	385499256	$23.95	Walk Through Darkness		Durham, David Anthony			Please see print version for full text.	Pulliam, June	Fall 2002	2002-09-01	Review			Doubleday					"<img hspace=6 align=LEFT width=161 height=243 alt=""Product Cover"" border=0 src=""/civilwarbookreview/images/jackets/WalkThroughDarkness.jpg"">"	
2285	786409762	$39.95	Cubans in the Confederacy:<br>  Jos Agustn Quintero, Ambrosio Jos Gonzales, and Loreta Janeta Velazquez		Phillip, Thomas Tucker			Please see print version for full text.	Simmons Jr., Donald C.	Fall 2002	2002-09-01	Review			McFarland & Company Publishers					"<img hspace=6 align=LEFT width=161 height=243 alt=""Product Cover"" border=0 src=""/civilwarbookreview/images/jackets/CubansintheConfederacy.jpg"">"	
2286	865547572	$35.00	A Kingdom Not of This World:<br> Stuart Robinson's Struggle to Distinguish the Sacred from the Secular during the Civil War		Graham, Preston D.			Please see print version for full text.	Crowe, Ian	Fall 2002	2002-09-01	Review			Mercer University Press					"<img hspace=6 align=LEFT width=161 height=243 alt=""Product Cover"" border=0 src=""/civilwarbookreview/images/jackets/AKingdomnotofthisWorld.jpg"">"	
2288	807127809	$49.95	Defend This Old Town:<br> Williamsburg During the Civil War		Dubbs, Carol Kettenburg			Please see print version for full text.	Deppen, John	Fall 2002	2002-09-01	Review			Louisiana State University Press					"<img hspace=6 align=LEFT width=161 height=243 alt=""Product Cover"" border=0 src=""/civilwarbookreview/images/jackets/DefendThisOldTown.jpg"">"	
2289	195150996	$26.00	Abraham Lincoln and Civil War America:  A Biography		Gienapp, William E.			Please see print version for full text.	Prokopowicz, Gerald J.	Fall 2002	2002-09-01	Review			Oxford University Press					"<img hspace=6 align=LEFT width=161 height=243 alt=""Product Cover"" border=0 src=""/civilwarbookreview/images/jackets/AbrahamLincolnandCivilWarAmerica.jpg"">"	
2290	807826383	$55.00	Black Identity and Black Protest in the Antebellum North		Rael, Patrick			Please see print version for full text.	Rhodes, Jane	Fall 2002	2002-09-01	Review			University of North Carolina Press					"<img hspace=6 align=LEFT width=161 height=243 alt=""Product Cover"" border=0 src=""/civilwarbookreview/images/jackets/BlackIdentityandBlackProtest.jpg"">"	
2291	60186348	$25.95	Honor's Kingdom:<br> A Novel of Historical Suspense		Parry, Owen			Please see print version for full text.	Hill, Thomas	Fall 2002	2002-09-01	Review			William Morrow					"<img hspace=6 align=LEFT width=161 height=243 alt=""Product Cover"" border=0 src=""/civilwarbookreview/images/jackets/HonorsKingdom.jpg"">"	
2293	811713954	$27.95	War of the Aeronauts: A History of Ballooning in the Civil War		Evans, Charles M.			Please see print version for full text.	Gross, William S.	Fall 2002	2002-09-01	Review			Stackpole Books					"<img hspace=6 align=LEFT width=161 height=243 alt=""Product Cover"" border=0 src=""/civilwarbookreview/images/jackets/WarofTheAeronauts.jpg"">"	
2294	786710136	$28.00	The Sands of Pride: A Novel of the Civil War		Trotter, William R.			Please see print version for full text.	Olpin, Larry	Fall 2002	2002-09-01	Review			Carroll & Graf Publishers					"<img hspace=6 align=LEFT width=161 height=248 alt=""Product Cover"" border=0 src=""/civilwarbookreview/images/jackets/TheSandsofPride.jpg"">"	
2295	811700933	$26.95	The American Civil War: An English View<br> The Writings of Field Marshal Viscount Wolseley		Rawley, James A.			Please see print version for full text.	Brazier, Julian	Fall 2002	2002-09-01	Review			Stackpole Books					"<img hspace=6 align=LEFT width=161 height=243 alt=""Product Cover"" border=0 src=""/civilwarbookreview/images/jackets/TheAmericanCivilWarAnEnglishView.jpg"">"	
2296	875802869	$32.00	Slaves, Sailors, Citizens:  African Americans in the Union Navy		Ramold, Steven J.			Please see print version for full text.	Bogle, Lori Lyn	Fall 2002	2002-09-01	Review			Northern Illinois University Press					"<img hspace=6 align=LEFT width=161 height=243 alt=""Product Cover"" border=0 src=""/civilwarbookreview/images/jackets/Slaves,Sailors,Citizens.jpg"">"	
2297	674006453	$29.95	The Black Hearts of Men:<br> Radical Abolitionists and the Transformation of Race		Stauffer, John			Please see print version for full text.	Russo, Peggy A.	Fall 2002	2002-09-01	Review			Harvard University Press					"<img hspace=6 align=LEFT width=161 height=243 alt=""Product Cover"" border=0 src=""/civilwarbookreview/images/jackets/TheBlackHeartsofMen.jpg"">"	
2298	807826871	$39.95	Lee's Tar Heels: <br>The Pettigrew-Kirkland-MacRae Brigade		Hess, Earl J.			Please see print version for full text.	Bushnell, William D.	Fall 2002	2002-09-01	Review			University of North Carolina Press					"<img hspace=6 align=LEFT width=161 height=243 alt=""Product Cover"" border=0 src=""/civilwarbookreview/images/jackets/LeesTarheels.jpg"">"	
2303	807127582	$34.95	Still Fighting the Civil War: <br>The American South and Southern History		Goldfield, David			Please see print version for full text.	Foote, Kenneth E.	Fall 2002	2002-09-01	Review			Louisiana State University Press					"<img hspace=6 align=LEFT width=161 height=243 alt=""Product Cover"" border=0 src=""/civilwarbookreview/images/jackets/StillFightingTheCivilWar.jpg"">"	
2304	811713946	$27.95	Winchester Divided:<br> The Civil War Diaries of Julia Chase & Laura Lee		Mahon,  Michael G.			Please see print version for full text.	Sheehan-Dean, Aaron	Fall 2002	2002-09-01	Review			Stackpole Books					"<img hspace=6 align=LEFT width=161 height=243 alt=""Product Cover"" border=0 src=""/civilwarbookreview/images/jackets/WinchesterDivided.jpg"">"	
2307	1571683088	$22.95	Death on the Nueces: German Texans Treue der Union		Underwood, Rodman L.			Please see print version for full text.	Kamphoefner, Walter D.	Fall 2002	2002-09-01	Review			Eakin Press					"<img hspace=6 align=LEFT width=161 height=243 alt=""Product Cover"" border=0 src=""/civilwarbookreview/images/jackets/DeathontheNeuces.jpg"">"	
2310	881504874	$30.00	The Battered Stars:<br> One State's Civil War Ordeal During Grant's Overland Campaign		Coffin, Howard			Please see print version for full text.	Herberger, Charles F.	Fall 2002	2002-09-01	Review			The Countryman Press					"<img hspace=6 align=LEFT width=161 height=243 alt=""Product Cover"" border=0 src=""/civilwarbookreview/images/jackets/TheBatteredStars.jpg"">"	
2312	670031178	$27.95	Richmond Burning: The Last Days of the Confederate Capital		Lankford, Nelson			Please see print version for full text.	Harter, Dale F.	Fall 2002	2002-09-01	Review			Viking					"<img hspace=6 align=LEFT width=161 height=243 alt=""Product Cover"" border=0 src=""/civilwarbookreview/images/jackets/RichmondBurning.jpg"">"	
2314	807827096	$39.95	Working Cures: Healing, Health, and Power on Southern Slave Plantations		Fett, Sharla M.			Please see print version for full text.	Singleton, Theresa A.	Fall 2002	2002-09-01	Review			University Press of North Carolina					"<img hspace=6 align=LEFT width=161 height=243 alt=""Product Cover"" border=0 src=""/civilwarbookreview/images/jackets/WorkingCures.jpg"">"	
2315	252027027	$34.95	In Tender Consideration:<br> Women, Families, and the Law in Abraham Lincoln's Illinois		Stowell, Daniel W.			Please see print version for full text.	Hardy Jr., James D.	Fall 2002	2002-09-01	Review			University of Illinois Press					"<img hspace=6 align=LEFT width=161 height=243 alt=""Product Cover"" border=0 src=""/civilwarbookreview/images/jackets/InTenderConsideration.jpg"">"	
2316	674006488	$39.95	The Language of War:<br> Literature and Culture in the U.S. from the Civil War through World War II		Dawes, James			Please see print version for full text.	Clark, Margaret L.	Fall 2002	2002-09-01	Review			Harvard University Press					"<img hspace=6 align=LEFT width=161 height=243 alt=""Product Cover"" border=0 src=""/civilwarbookreview/images/jackets/TheLaguageofWar.jpg"">"	
2317	742520846	$35.00	The Badax Tigers:<br> From Shiloh to the Surrender with the 18th Wisconsin Volunteers		Nanzig, Thomas P.			Please see print version for full text.	Reedy, Jory V.	Fall 2002	2002-09-01	Review			Rowman & Littlefield Publishers					"<img hspace=6 align=LEFT width=161 height=243 alt=""Product Cover"" border=0 src=""/civilwarbookreview/images/jackets/TheBadaxTigers.jpg"">"	
2318	811718247	$22.95	An Unerring Fire:<br> The Massacre at Fort Pillow		Fuchs, Richard L.			Please see print version for full text.	Wood, Robert	Fall 2002	2002-09-01	Review			Stackpole Books					"<img hspace=6 align=LEFT width=161 height=242 alt=""Product Cover"" border=0 src=""/civilwarbookreview/images/jackets/FuchsAnUnerringFire.jpg"">"	
2320	1557287260	$24.95	Getting Used to Being Shot At: <br>The Spence Family Civil War Letters		Christ, Mark K.			Please see print version for full text.	Bergeron Jr., Arthur W.	Fall 2002	2002-09-01	Review			University of Arkansas Press					"<img hspace=6 align=LEFT width=161 height=243 alt=""Product Cover"" border=0 src=""/civilwarbookreview/images/jackets/GettingUsedtoBeingShotAt.jpg"">"	
2321	1890817600	$8.95	Abraham Lincoln: Letters from a Slave Girl (Dear Mr. President)		Pinkney, Andrea Davis			Please see print version for full text.	Baker, Jean Harvey	Summer 2001	2001-06-01	Review	Book imagines President Lincoln's correspondence with a southern slave child	Presidential pen pal	Winslow Press					"<img hspace=6 align=LEFT width=161 height=230 alt=""Product Cover"" border=0 src=""/civilwarbookreview/images/jackets/PinkneyDearMrPresident.jpg"">"	
2322	157441125X	$39.95	Gideon Lincecum's Sword: Civil Letters from the Texas Home Front		Lincecum, Jerry Bryan	Phillips, Edward Hake	Redshaw, Peggy A.	Please see print version for full text.	Marten, James	Fall 2001	2001-09-01	Review	Noted naturalist expresses southern sympathy	Gideon's word	University of North Texas Press					"<img hspace=6 align=LEFT width=161 height=243 alt=""Product Cover"" border=0 src=""/civilwarbookreview/images/jackets/GideonLincecum.jpg"">"	
2323	157072184X	$23.95	The Ambush of My Name		Marks, Jeffrey			Please see print version for full text.	Shuman, Malcolm K.	Fall 2001	2001-09-01	Review	Writers hit the mark with historical fiction	Novel additions	Overmountain Press					"<img hspace=6 align=LEFT width=161 height=228 alt=""Product Cover"" border=0 src=""/civilwarbookreview/images/jackets/TheAmbushofMyName.jpg"">"	
2324	807826243	$34.95	Gettysburg-The First Day		Pfanz, Harry W.			Please see print version for full text.	Gallman, J. Matthew	Fall 2001	2001-09-01	Review	Shedding light on the battle of Gettysburg	'And on the first day...'	University of North Carolina Press					"<img hspace=6 align=LEFT width=161 height=243 alt=""Product Cover"" border=0 src=""/civilwarbookreview/images/jackets/gettysburythefirstday.jpg"">"	
2325	817310894	$24.95	Cudjo's Cave		Trowbridge, John Townsend			Please see print version for full text.	Stauffer, John	Spring 2002	2002-03-01	Review	Two novels present polar political views	Nature of progress	University of Alabama Press					"<img hspace=6 align=LEFT width=161 height=243 alt=""Product Cover"" border=0 src=""/civilwarbookreview/images/jackets/Cudjo'sCave.jpg"">"	
2326	786409770	$49.95	Slavery and Crime in Missouri, 1773-1865		Frazier, Harriet C.			Please see print version for full text.	Hardy, Jr., James D.	Spring 2002	2002-03-01	Review	Three books examine 'inescapable isue'	'The question of slavery'	McFarland & Company					"<img hspace=6 align=LEFT width=161 height=243 alt=""Product Cover"" border=0 src=""/civilwarbookreview/images/jackets/SlaveryandCrimeinMissouri.jpg"">"	
2327	1558492712	$39.95	The Fugitive's Gibraltar		Grover, Kathryn			Please see print version for full text.	Hardy, Jr., James D.	Spring 2002	2002-03-01	Review	Three books examine 'inescapable issue'	'The question of slavery'	University of Massachusetts Press					"<img hspace=6 align=LEFT width=161 height=243 alt=""Product Cover"" border=0 src=""/civilwarbookreview/images/jackets/FugitivesGibraltar.jpg"">"	
2363	375503722	$23.95	No Certain Rest: A Novel		Lehrer, Jim			Please see print version for full text.	Harrison, Margaret C.	Winter 2003	2002-12-01	Review	Fictional archaeologist investigates unmarked grave	Mystery and history						"<img hspace=6 align=LEFT width=161 height=243 alt=""Product Cover"" border=0 src=""/civilwarbookreview/images/jackets/nocertainrest.jpg"">"	
2364	151003890	$28.00	Surviving the Confederacy: Rebellion, Ruin, and RecoveryRoger and Sara Pryor During the Civil War		Waugh, John C.			Please see print version for full text.	Silverman, Jason H.	Winter 2003	2002-12-01	Review	Personal story reveals national crisis	They were there	Harcourt					"<img hspace=6 align=LEFT width=161 height=243 alt=""Product Cover"" border=0 src=""/civilwarbookreview/images/jackets/SurvivingtheConfederacy.jpg"">"	
2366	813122414	$45.00	When Slavery Was Called Freedom: Evangelicalism, Proslavery, and the Causes of the Civil War		Daly, John Patrick			Please see print version for full text.	Jones, Carolyn M.	Winter 2003	2002-12-01	Review	Regions fostered opposing politics, common theology	The tie that binds	University of Kentucky Press					"<img hspace=6 align=LEFT width=161 height=243 alt=""Product Cover"" border=0 src=""/civilwarbookreview/images/jackets/WhenSlaveryWasCalledFreedom.jpg"">"	
2367	292734611	$22.95	The Last Battle of the Civil War: Palmetto Ranch		Hunt, Jeffrey Wm.			Please see print version for full text.	Alberts, Don E.	Winter 2003	2002-12-01	Review	An analysis of the final battle	End of the trail	University of Texas Press					"<img hspace=6 align=LEFT width=161 height=243 alt=""Product Cover"" border=0 src=""/civilwarbookreview/images/jackets/TheLastBattleoftheCivilWar.jpg"">"	
2368	823221954	$45.00	An Uncommon Time: The Civil War and the Northern Home Front		Cimbala, Paul A.	Miller, Randall M.		Please see print version for full text.	Laver, Harry S.	Winter 2003	2002-12-01	Review	Essays explore the war at home	Diversity in the North	Fordham University Press					"<img hspace=6 align=LEFT width=161 height=243 alt=""Product Cover"" border=0 src=""/civilwarbookreview/images/jackets/anuncommontime.jpg"">"	
2369	081170520X	$49.95	Don Troiani's Regiments & Uniforms of the Civil War		Troiani, Don	Coates, Earl J.	McAfee, Michael J.	Please see print version for full text.	Spedale, William A.	Winter 2003	2002-12-01	Review	Collaborative effort presents detailed account	Pictorial history	Stackpole Books					"<img hspace=6 align=LEFT width=161 height=214 alt=""Product Cover"" border=0 src=""/civilwarbookreview/images/jackets/DonTroianisRegiments&Uniforms.jpg"">"	
2370	1570034184	$39.95	Ironclads and Big Guns of the Confederacy: The Journal and Letters of John M. Brooke		Brooke Jr., George M.			Please see print version for full text.	Hackemer, Kurt	Winter 2003	2002-12-01	Review	Respected naval officer's journal and letters published	Wartime career	University of South Carolina Press					"<img hspace=6 align=LEFT width=161 height=243 alt=""Product Cover"" border=0 src=""/civilwarbookreview/images/jackets/IroncladsandBigGunsoftheConfederacy.jpg"">"	
2371	807827452	$29.95	Lee's Last Retreat: The Flight to Appomattox		Marvel, William			Please see print version for full text.	Morris Jr., Roy	Winter 2003	2002-12-01	Review	Low-key surrender transformed into national passion play	Myth and memory	University of North Carolina Press					"<img hspace=6 align=LEFT width=161 height=243 alt=""Product Cover"" border=0 src=""/civilwarbookreview/images/jackets/leeslastretreat.jpg"">"	
2372	803221622	$45.00	And Keep Moving On: The Virginia Campaign, MayJune 1864		Grimsley, Mark			Please see print version for full text.	Gannon, James P.	Winter 2003	2002-12-01	Review	Volume gives an overview of Grant's Overland Campaign	Concise synthesis	University of Nebraska Press					"<img hspace=6 align=LEFT width=161 height=243 alt=""Product Cover"" border=0 src=""/civilwarbookreview/images/jackets/AndKeepMovingOn.jpg"">"	
2373	873387090	$39.00	Campfires of Freedom: The Camp Life of Black Soldiers During the Civil War		Wilson, Keith P.			Please see print version for full text.	Jordan Jr., Ervin L.	Winter 2003	2002-12-01	Review	Work studies off-duty camp life among black troops	More than soldiers	Kent State University Press					"<img hspace=6 align=LEFT width=161 height=243 alt=""Product Cover"" border=0 src=""/civilwarbookreview/images/jackets/CampfiresofFreedom.jpg"">"	
2374	803220057	$39.95	Grant's Secret Service: The Intelligence War from Belmont to Appomattox		Feis, William B.			Please see print version for full text.	Perret, Geoffrey	Winter 2003	2002-12-01	Review	How did Grant save the Union?	Military intelligence	University of Nebraska Press					"<img hspace=6 align=LEFT width=161 height=243 alt=""Product Cover"" border=0 src=""/civilwarbookreview/images/jackets/GrantsSecretService.jpg"">"	
2375	1574883941	$26.95	Charles Dahlgren of Natchez: The Civil War and Dynastic Decline		Gower, Herschel			Please see print version for full text.	Godbold, E. Stanly	Winter 2003	2002-12-01	Review	A family and nation in conflict revealed	Yankee turned Rebel	Brassey's					"<img hspace=6 align=LEFT width=161 height=243 alt=""Product Cover"" border=0 src=""/civilwarbookreview/images/jackets/CharlesDahlgrenofNatchez.jpg"">"	
2376	1574883852	$24.95	Little Phil: A Reassessment of the Civil War Leadership of Gen. Philip H. Sheridan		Wittenberg, Eric J.			Please see print version for full text.	Dawson III, Joseph G.	Winter 2003	2002-12-01	Review	A case is made against Sheridan	Undeserved reputation	Brassey's					"<img hspace=6 align=LEFT width=161 height=243 alt=""Product Cover"" border=0 src=""/civilwarbookreview/images/jackets/LittlePhil.jpg"">"	
2377	870136178	$54.95	The Reconstruction Desegregation Debate: The Politics of Equality and the Rhetoric of Place, 1870-1875		Wilson, Kirt H.			Please see print version for full text.	Smith, John David	Winter 2003	2002-12-01	Review	Race relations uncovered through rhetoric	National discourse	Michigan State University Press					"<img hspace=6 align=LEFT width=161 height=243 alt=""Product Cover"" border=0 src=""/civilwarbookreview/images/jackets/TheReconstructionDesegregationDebate.jpg"">"	
2378	1581822618	$20.95	To the Sea: A History and Tour Guide of the War in the West, Sherman's March Across Georgia and Through the Carolinas, 1864-1865 (revised edition)		Miles, Jim			Please see print version for full text.	Marszalek, John F.	Winter 2003	2002-12-01	Review	Tourists invited to join famous march	In Sherman's shadow	Cumberland House Publishing					"<img hspace=6 align=LEFT width=161 height=204 alt=""Product Cover"" border=0 src=""/civilwarbookreview/images/jackets/ToTheSea.jpg"">"	
2379	385501390	$27.50	American Scoundrel: The Life of the Notorious Civil War General Dan Sickles		Keneally, Thomas			Please see print version for full text.	Anderson, Paul Christopher	Winter 2003	2002-12-01	Review	Biography challenges 'traditional values'	American hypocrisy	Doubleday					"<img hspace=6 align=LEFT width=161 height=232 alt=""Product Cover"" border=0 src=""/civilwarbookreview/images/jackets/AmericanScoundrel.jpg"">"	
2287	822328879	$32.95	To Live and Die:<br> Collected Stories of the Civil War, 1861-1876		Diffley, Kathleen			Please see print version for full text.	Bennett, James Gordon	Fall 2002	2002-09-01				Duke University Press					"<img hspace=6 align=LEFT width=161 height=243 alt=""Product Cover"" border=0 src=""/civilwarbookreview/images/jackets/ToLiveandDie.jpg"">"	
