cwbr/vol2/iss1,Winter,2000
cwbr/vol2/iss2,Spring,2000
cwbr/vol2/iss3,Summer,2000
cwbr/vol3/iss1,Winter,2001
cwbr/vol3/iss2,Spring,2001
cwbr/vol3/iss3,Summer,2001
cwbr/vol3/iss4,Fall,2001
cwbr/vol4/iss1,Winter,2002
cwbr/vol4/iss2,Spring,2002
cwbr/vol4/iss3,Summer,2002
cwbr/vol4/iss4,Fall,2002
cwbr/vol5/iss1,Winter,2003
cwbr/vol5/iss2,Spring,2003
cwbr/vol5/iss3,Summer,2003
cwbr/vol5/iss4,Fall,2003
cwbr/vol6/iss1,Winter,2004
cwbr/vol6/iss2,Spring,2004
cwbr/vol6/iss3,Summer,2004
cwbr/vol6/iss4,Fall,2004
cwbr/vol7/iss1,Winter,2005
cwbr/vol7/iss2,Spring,2005
cwbr/vol7/iss3,Summer,2005
cwbr/vol7/iss4,Fall,2005
cwbr/vol8/iss1,Winter,2006
cwbr/vol8/iss2,Spring,2006
cwbr/vol8/iss3,Summer,2006
cwbr/vol8/iss4,Fall,2006
cwbr/vol9/iss1,Winter,2007
cwbr/vol9/iss2,Spring,2007
cwbr/vol9/iss3,Summer,2007
cwbr/vol9/iss4,Fall,2007
cwbr/vol10/iss1,Winter,2008
cwbr/vol10/iss2,Spring,2008
cwbr/vol10/iss3,Summer,2008
cwbr/vol10/iss4,Fall,2008
cwbr/vol11/iss1,Winter,2009
cwbr/vol11/iss2,Spring,2009
cwbr/vol11/iss3,Summer,2009
cwbr/vol11/iss4,Fall,2009
cwbr/vol12/iss1,Winter,2010
cwbr/vol12/iss2,Spring,2010
cwbr/vol12/iss3,Summer,2010
cwbr/vol12/iss4,Fall,2010
cwbr/vol13/iss1,Winter,2011
cwbr/vol13/iss2,Spring,2011
cwbr/vol13/iss3,Summer,2011
cwbr/vol13/iss4,Fall,2011
cwbr/vol14/iss1,Winter,2012
cwbr/vol14/iss2,Spring,2012
cwbr/vol14/iss3,Summer,2012
cwbr/vol14/iss4,Fall,2012
cwbr/vol15/iss1,Winter,2013
cwbr/vol15/iss2,Spring,2013
cwbr/vol15/iss3,Summer,2013
cwbr/vol15/iss4,Fall,2013
cwbr/vol16/iss1,Winter,2014
cwbr/vol16/iss2,Spring,2014
cwbr/vol16/iss3,Summer,2014
cwbr/vol16/iss4,Fall,2014
cwbr/vol17/iss1,Winter,2015
cwbr/vol17/iss2,Spring,2015
cwbr/vol17/iss3,Summer,2015
cwbr/vol17/iss4,Fall,2015
cwbr/vol18/iss1,Winter,2016
cwbr/vol18/iss2,Spring,2016
cwbr/vol18/iss3,Summer,2016
cwbr/vol18/iss4,Fall,2016
cwbr/vol19/iss1,Winter,2017
cwbr/vol19/iss2,Spring,2017
cwbr/vol19/iss3,Summer,2017
cwbr/vol19/iss4,Fall,2017
cwbr/vol20/iss1,Winter,2018
cwbr/vol20/iss2,Spring,2018
