"ID"	"ISBN"	"Price"	"Title"	"Teaser"	"Auth_1"	"Auth_2"	"Auth_3"	"Review"	"Reviewer"	"Issue_date"	"Issue"	"Record_type"	"Sub_headline"	"Headline"	"Publisher"	"Pub_date"	"Categories"	"SubCategories"	"Metadata"	"Image"	"Image2"	"Image3"	"Image4"	"Image5"	"Audio1"	"Link1"	"Link2"
6318	9780813167718	"$45.00"	"Kentucky Rebel Town: The Civil War Battles of Cynthiana and Harrison County"		"Penn, William A."					"Fall 2016"	"2016-11-1"	"Annotation"			"University Press of Kentucky"		"Politics;Social_History"			"<img hspace=6 align=LEFT width=161 height=242 alt=""Product Cover"" border=0 src=""/civilwarbookreview/images/jackets/PennKentuckyRebelTown.jpg"">"						"<a href="" http://www.kentuckypress.com/live/title_detail.php?titleid=4710#.WBDJ_2cUVl8"">Click here for more information</a>"	
6326	9781476667164	"$39.95"	"The 18th New York Infantry in the Civil War: A History and Roster"		"Conklin, Ryan A."					"Fall 2016"	"2016-11-1"	"Annotation"			"McFarland"		"Regiment"			"<img hspace=6 align=LEFT width=161 height=230 alt=""Product Cover"" border=0 src=""/civilwarbookreview/images/jackets/ConklinNewYorkInfantry.jpg"">"						"<a href="" http://www.mcfarlandbooks.com/book-2.php?id=978-1-4766-6716-4"">Click here for more information</a>"	
6316	81611213157	"$14.95"	"Hell Itself: The Battle of the Wilderness, May 5-7, 1864"		"Mackowski, Chris"					"Fall 2016"	"2016-11-1"	"Annotation"			"Savas Beatie"		"Military"			"<img hspace=6 align=LEFT width=161 height=241 alt=""Product Cover"" border=0 src=""/civilwarbookreview/images/jackets/MackowskiHellItself.jpg"">"						"<a href="" http://www.savasbeatie.com/books/book_page.php?"">Click here for more information</a>"	
6330	1633882454	"$28.00"	"Battle of Wills: Ulysses S. Grant, Robert E. Lee, and the Last Year of the Civil War"		"Johnson, David Alan"					"Fall 2016"	"2016-11-1"	"Annotation"			"Prometheus Books"		"Biographies;Military;Politics"			"<img hspace=6 align=LEFT width=161 height=241 alt=""Product Cover"" border=0 src=""/civilwarbookreview/images/jackets/JohnsonBattleofWills.jpg"">"						"<a href=""https://www.amazon.com/Battle-Wills-Ulysses-Grant-Robert/dp/1633882454/ref=sr_1_1?ie=UTF8&qid=1477496885&sr=8-1&keywords=battle+of+wills"">Click here for more information</a>"	
6315	9781467135528	"$21.99"	"Lenawee County and the Civil War"		"Lennard, Ray"					"Fall 2016"	"2016-11-1"	"Annotation"			"Arcadia"		"Military;Politics"			"<img hspace=6 align=LEFT width=161 height=236 alt=""Product Cover"" border=0 src=""/civilwarbookreview/images/jackets/LennardLenaweeCounty.jpg"">"						"<a href=""https://www.arcadiapublishing.com/Products/9781467135528"">Click here for more information</a>"	
6317	9781631491290	"$26.95"	"The Rest I Will Kill: William Tillman and the Unforgettable Story of How a Free Black Man Refused to Become a Slave"		"McGinty, Brian"					"Fall 2016"	"2016-11-1"	"Annotation"			"Liveright"		"Biographies;Politics;Slavery"			"<img hspace=6 align=LEFT width=161 height=245 alt=""Product Cover"" border=0 src=""/civilwarbookreview/images/jackets/McGintyRestIWillKill.jpg"">"						"<a href=""http://books.wwnorton.com/books/detail.aspx?ID=4294990767"">Click here for more information</a>"	
6387	9780788456497	"$29.50"	"""If I am Alive Next Summer:"" The Civil War Letters of Captain Charles Robinson Johnson of the 16th Massachusetts Infantry, ""The Iron Sixteenth"""		"Eisenberg, Albert C."	"Hammerson, Michael"				"Winter 2017"	"2017-2-1"	"Annotation"			"Heritage"		"Battles;Military"			"<img hspace=6 align=LEFT width=161 height=254 alt=""Product Cover"" border=0 src=""/civilwarbookreview/images/jackets/EisenbergIfIAmAliveNextSummer.jpg"">"						"<a href=""http://heritagebooks.com/mm5/merchant.mvc?Screen=PROD&Store_Code=HBI&Product_Code=101-E5649&Category_Code="">Click here for more information</a>"	
6430	9780807163726	"$45.00"	"Designing Gotham: West Point Enginners and the Rise of Modern New York, 1817-1898"		"Logel, Jon Scott"					"Spring 2017"	"2017-5-1"	"Annotation"			"LSU Press"		"Politics;Science;Social_History;Technology"			"<img hspace=6 align=LEFT width=161 height=242 alt=""Product Cover"" border=0 src=""/civilwarbookreview/images/jackets/LogelDesigningGotham.jpg"">"						"<a href=""http://lsupress.org/books/detail/designing-gotham/"">Click here for more information</a>"	
6448	9780807163146	"$42.50"	"Extreme Civil War: Guerilla Warfare, Environment, and Race on the Trans-Mississippi Frontier"		"Stith, Matthew M."					"Spring 2017"	"2017-5-1"	"Annotation"			"LSU Press"		"Military;Politics;Social_History"			"<img hspace=6 align=LEFT width=161 height=249 alt=""Product Cover"" border=0 src=""/civilwarbookreview/images/jackets/stithextreme.jpg"">"						"<a href=""http://lsupress.org/books/detail/extreme-civil-war/  "">Click here for more information</a>"	
6380	9780807160749	"$38.00"	"George Washington Carver: A Life"		"Vella, Christina"					"Winter 2017"	"2017-2-1"	"Annotation"			"LSU Press"		"Biographies"			"<img hspace=6 align=LEFT width=161 height=243 alt=""Product Cover"" border=0 src=""/civilwarbookreview/images/jackets/VellaGeorgeWashingtonCarver.jpg"">"						"<a href=""http://lsupress.org/books/detail/george-washington-carver/"">Click here for more information</a>"	
6366	9780807164006	"$27.00 (paperback)"	"Haunted by Atrocity: Civil War Prisons in American Memory"		"Cloyd, Benajmin G."					"Winter 2017"	"2017-2-1"	"Annotation"			"LSU Press"		"Social_History"			"<img hspace=6 align=LEFT width=161 height=242 alt=""Product Cover"" border=0 src=""/civilwarbookreview/images/jackets/CloydHauntedByAtrocity.jpg"">"						"<a href=""http://lsupress.org/books/detail/haunted-by-atrocity/"">Click here for more information</a>"	
6445	9780807164396	"$38.00"	"Lt. Spalding in Civil War Louisiana: A Union Officer's Humor, Privilege, and Ambition"		"Pierson, Michael D."					"Spring 2017"	"2017-5-1"	"Annotation"			"LSU Press"		"Biographies"			"<img hspace=6 align=LEFT width=161 height=249 alt=""Product Cover"" border=0 src=""/civilwarbookreview/images/jackets/spalding.jpg"">"						"<a href=""http://lsupress.org/books/detail/lt-spalding-in-civil-war-louisiana/"">Click here for more information</a>"	
6365	9780807166512	"$35.00 (paperback)"	"Rebels on the Border: Civil War, Emancipation, and the Reconstruction of Kentucky and Missouri"		"Astor, Aaron"					"Winter 2017"	"2017-2-1"	"Annotation"			"LSU Press"		"Politics;Social_History"			"<img hspace=6 align=LEFT width=161 height=242 alt=""Product Cover"" border=0 src=""/civilwarbookreview/images/jackets/rebelsonborder.jpg"">"						"<a href=""http://lsupress.org/books/detail/rebels-on-the-border/"">Click here for more information</a>"	
6384	9780807163429	"$48.00"	"Surveying the Early Republic: The Journal of Andrew Ellicott, U.S. Boundary Commissioner in the Old Southwest, 1796-1800"		"Bush, Robert D."					"Winter 2017"	"2017-2-1"	"Annotation"			"LSU Press"		"Politics;Reference"			"<img hspace=6 align=LEFT width=161 height=242 alt=""Product Cover"" border=0 src=""/civilwarbookreview/images/jackets/mapping.jpg"">"						"<a href=""http://lsupress.org/books/detail/surveying-the-early-republic/"">Click here for more information</a>"	
6314	9781479839902	"$45.00"	"The Presidents and the Constitution: A Living History"		"Gromley, Ken"					"Fall 2016"	"2016-11-1"	"Annotation"			"New York University Press"		"Politics"			"<img hspace=6 align=LEFT width=161 height=235 alt=""Product Cover"" border=0 src=""/civilwarbookreview/images/jackets/GormleyPresidentsandtheConstitution.jpg"">"						"<a href=""http://nyupress.org/books/9781479839902/"">Click here for more information</a>"	
6435	9781611213461	"$14.95"	"Determined to Stand and Fight: The Battle of Monocacy, July 9, 1864"		"Quint, Ryan T."					"Spring 2017"	"2017-5-1"	"Annotation"			"Savas Beatie"		"Battles"			"<img hspace=6 align=LEFT width=161 height=241 alt=""Product Cover"" border=0 src=""/civilwarbookreview/images/jackets/QuintDeterminedtoStandandFight.jpg"">"						"<a href=""http://savasbeatie.com/books/book_page.php?bookVAR=DeterminedMonocacy&bookType=about&authorID1=RTQuint&authorID2=empty&authorID3=empty&authorID4=empty&authorID5=empty"">Click here for more information</a>"	
6321	9781469630205	"$23.00"	"A Field Guide to Antietam: Experiencing the Battlefield through Its History, Places, and People"		"Reardon, Carol"	"Vossler, Tom"				"Fall 2016"	"2016-11-1"	"Annotation"			"University of North Carolina Press"		"Battles"			"<img hspace=6 align=LEFT width=161 height=242 alt=""Product Cover"" border=0 src=""/civilwarbookreview/images/jackets/ReardonAntietam.jpg"">"						"<a href=""http://uncpress.unc.edu/books/13765.html"">Click here for more information</a>"	
6379	9780826357663	"$29.95 (paperback)"	"Heroes Without Glory: Some Good Men of the Old West"		"Schaefer, Jack"					"Winter 2017"	"2017-2-1"	"Annotation"			"University of New Mexico Press"		"Fiction"			"<img hspace=6 align=LEFT width=161 height=248 alt=""Product Cover"" border=0 src=""/civilwarbookreview/images/jackets/SchaeferHeroesWithoutGlory.jpg"">"						"<a href=""http://unmpress.com/books.php?ID=20000000008016"">Click here for more information</a>"	
6323	9781250099815	"$18.00"	"Prince of Darkness: The Untold Story of Jeremiah G. Hamilton, Wall Street's First Black Millionaire"		"White, Shane"					"Fall 2016"	"2016-11-1"	"Annotation"			"Picador"		"Biographies;Politics"			"<img hspace=6 align=LEFT width=161 height=241 alt=""Product Cover"" border=0 src=""/civilwarbookreview/images/jackets/WhitePrinceofDarkness.jpg"">"						"<a href=""http://us.macmillan.com/princeofdarkness/shanewhite"">Click here for more information</a>"	
6428	9780895876775	"$24.95"	"Arlington: A Color Guide to America's Most Famous Cemetery"		"Gindlesperger, James"					"Spring 2017"	"2017-5-1"	"Annotation"			"John F. Blair"		"Reference"			"<img hspace=6 align=LEFT width=161 height=161 alt=""Product Cover"" border=0 src=""/civilwarbookreview/images/jackets/GindlespergerArlington.jpg"">"						"<a href=""http://www.blairpub.com/arlington"">Click here for more information</a>"	
6368	9781910777862	"$49.95"	"Much Embarrassed: Civil War Intelligence and the Gettysburg Campaign"		"Donne, George"					"Winter 2017"	"2017-2-1"	"Annotation"					"Military;Politics"			"<img hspace=6 align=LEFT width=161 height=242 alt=""Product Cover"" border=0 src=""/civilwarbookreview/images/jackets/DonneMuchEmbarrassed.jpg"">"						"<a href=""http://www.helion.co.uk/much-embarrassed-civil-war-intelligence-and-the-gettysburg-campaign.html"">Click here for more information</a>"	
6433	"978-1-60635-282-3"	"$44.95"	"Forging the Bee Line Railroad: the Rise and Fall of the Hoosier Partisans and Cleveland Clique"		"Olson III, Arthur Andrew"					"Spring 2017"	"2017-5-1"	"Annotation"			"Kent State University Press"		"Antebellum;Politics;Reconstruction"			"<img hspace=6 align=LEFT width=161 height=233 alt=""Product Cover"" border=0 src=""/civilwarbookreview/images/jackets/OlsonBeeLineRailroad.jpg"">"						"<a href=""http://www.kentstateuniversitypress.com/2015/forging-the-bee-line-railroad-1848-1889/"">Click here for more information</a>"	
6438	9781606352939	"$29.95"	"My Gettysburg: Meditation on History and Place"							"Spring 2017"	"2017-5-1"	"Annotation"			"Kent State University Press"		"Reference"			"<img hspace=6 align=LEFT width=161 height=252 alt=""Product Cover"" border=0 src=""/civilwarbookreview/images/jackets/SnellMyGettysburg.jpg"">"						"<a href=""http://www.kentstateuniversitypress.com/2015/my-gettysburg/"">Click here for more information</a>"	
6434	9781606352861	"$39.95"	"Pure Heart:The Faith of a Father and Son in the War for a More Perfect Union"		"Quigley Jr., William F."					"Spring 2017"	"2017-5-1"	"Annotation"			"Kent State University Press"		"Religion"			"<img hspace=6 align=LEFT width=161 height=249 alt=""Product Cover"" border=0 src=""/civilwarbookreview/images/jackets/QuigleyPureHeart.jpg"">"						"<a href=""http://www.kentstateuniversitypress.com/2015/pure-heart/"">Click here for more information</a>"	
6381	9781606352953	"$29.95"	"The Lincoln Assassination: Revisiting the Crime of the Nineteenth Century"		"Williams, Frank J."	"Burkhimer, Michael"				"Winter 2017"	"2017-2-1"	"Annotation"			"Kent State University Press"		"Politics"			"<img hspace=6 align=LEFT width=161 height=235 alt=""Product Cover"" border=0 src=""/civilwarbookreview/images/jackets/WilliamsTheLincolnAssassinationRiddle.jpg"">"						"<a href=""http://www.kentstateuniversitypress.com/2015/the-lincoln-assassination-riddle/"">Click here for more information</a>"	
6429	"9781476 665733"	"$35.00"	"McClellan and the Union High Command, 1861-1863"		"Green, Jeffrey W."					"Spring 2017"	"2017-5-1"	"Annotation"			"McFarland"		"Military;Politics"			"<img hspace=6 align=LEFT width=161 height=242 alt=""Product Cover"" border=0 src=""/civilwarbookreview/images/jackets/GreenMcClellan.jpg"">"						"<a href=""http://www.mcfarlandbooks.com/2017/03/newly-published-mcclellan-and-the-union-high-command-1861-1863/"">Click here for more information</a>"	
6327	9781476663692	"$35.00"	"Unconditional Unionist: The Hazardous Life of Lucian Anderson, Kentucky Congressman"		"Ullrich, Berry C."	"Ullrich, Dieter C."				"Fall 2016"	"2016-11-1"	"Annotation"			"McFarland"		"Biographies;Politics"			"<img hspace=6 align=LEFT width=161 height=242 alt=""Product Cover"" border=0 src=""/civilwarbookreview/images/jackets/CraigUnconditionalUnionist.jpg"">"						"<a href=""http://www.mcfarlandbooks.com/book-2.php?id=978-1-4766-6369-2"">Click here for more information</a>"	
6329	9781476664118	"$49.95"	"The Confederate Soldiers of Rockbridge County, Virginia: A Roster"		"Driver, Robert Jr."					"Fall 2016"	"2016-11-1"	"Annotation"			"McFarland"		"Regiment"			"<img hspace=6 align=LEFT width=161 height=230 alt=""Product Cover"" border=0 src=""/civilwarbookreview/images/jackets/DriverRockbridgeCountyVirginia.jpg"">"						"<a href=""http://www.mcfarlandbooks.com/book-2.php?id=978-1-4766-6411-8"">Click here for more information</a>"	
6432	"9781476 664804"	"$35.00"	"Fighting Irish in the American Civil War and the Invasion of Mexico"		"Mitchell, Arthur H."					"Spring 2017"	"2017-5-1"	"Annotation"			"McFarland"		"Battles;Politics;Social_History"			"<img hspace=6 align=LEFT width=161 height=242 alt=""Product Cover"" border=0 src=""/civilwarbookreview/images/jackets/MitchellFightingIrish.jpg"">"						"<a href=""http://www.mcfarlandbooks.com/book-2.php?id=978-1-4766-6480-4"">Click here for more information</a>"	
6374	9781476664897	"$35.00"	" A Confederate in Congress: The Civil War Treason Trial of Benjamin Gwinn Harris"		"Kastenberg, Joshua E."					"Winter 2017"	"2017-2-1"	"Annotation"			"McFarland"		"Biographies;Politics"			"<img hspace=6 align=LEFT width=161 height=242 alt=""Product Cover"" border=0 src=""/civilwarbookreview/images/jackets/KastenbergAConfederateinCongress.jpg"">"						"<a href=""http://www.mcfarlandbooks.com/book-2.php?id=978-1-4766-6489-7"">Click here for more information</a>"	
6375	9781476666297	"$35.00"	"The Union Sixth Corps in the Shenandoah Valley, June-October 1864"		"Lepa, Jack H."					"Winter 2017"	"2017-2-1"	"Annotation"			"McFarland"		"Battles;Military;Regiment"			"<img hspace=6 align=LEFT width=161 height=242 alt=""Product Cover"" border=0 src=""/civilwarbookreview/images/jackets/LepaTheUnionSixthCorps.jpg"">"						"<a href=""http://www.mcfarlandbooks.com/book-2.php?id=978-1-4766-6629-7"">Click here for more information</a>"	
6424	"9781476 666631"	"$35.00"	"U.S. Colored Troops Defeat Confederate Cavalry"		"Besch, Edwin W."					"Spring 2017"	"2017-5-1"	"Annotation"			"McFarland"		"Battles;Cavalry;Military"			"<img hspace=6 align=LEFT width=161 height=242 alt=""Product Cover"" border=0 src=""/civilwarbookreview/images/jackets/BeschUSColoredTroops.jpg"">"						"<a href=""http://www.mcfarlandbooks.com/book-2.php?id=978-1-4766-6663-1"">Click here for more information</a>"	
6371	9781476666693	"$39.95"	"Failure to Pursue: How the Escape of Defeated Forces Prolonged the Civil War"		"Frey, David"					"Winter 2017"	"2017-2-1"	"Annotation"			"McFarland"		"Battles;Military"			"<img hspace=6 align=LEFT width=161 height=230 alt=""Product Cover"" border=0 src=""/civilwarbookreview/images/jackets/FreyFailuretoPursue.jpg"">"						"<a href=""http://www.mcfarlandbooks.com/book-2.php?id=978-1-4766-6669-3"">Click here for more information</a>"	
6383	9781476667379	"$35.00"	"Psychological Consequences of the American Civil War"		"Lande, R. Gregory"					"Winter 2017"	"2017-2-1"	"Annotation"			"McFarland"		"SocPsychology"			"<img hspace=6 align=LEFT width=161 height=242 alt=""Product Cover"" border=0 src=""/civilwarbookreview/images/jackets/landepsychological.jpg"">"						"<a href=""http://www.mcfarlandbooks.com/book-2.php?id=978-1-4766-6737-9"">Click here for more information</a>"	
6311	9780881465709	"$35.00"	"Summon Only the Brave!: Commanders, Soldiers, and Chaplains at Gettysburg"		"Brinsfield, John W. Jr."					"Fall 2016"	"2016-11-1"	"Annotation"			"Mercer University Press"		"Military"			"<img hspace=6 align=LEFT width=161 height=242 alt=""Product Cover"" border=0 src=""/civilwarbookreview/images/jackets/BrinsfieldSummonOnlyTheBrave.jpg"">"						"<a href=""http://www.mupress.org/Summon-Only-the-Brave-Commanders-Soldiers-and-Chaplains-at-Gettysburg-P901.aspx"">Click here for more information</a>"	
6378	9780821422502	"$29.95"	"Alexander Robey Shepherd: the Man Who Built the Nation's Capital"		"Richardson, John P."					"Winter 2017"	"2017-2-1"	"Annotation"			"Ohio University Press"		"Biographies;Politics"			"<img hspace=6 align=LEFT width=161 height=248 alt=""Product Cover"" border=0 src=""/civilwarbookreview/images/jackets/RichardsonAlexanderRobeyShepherd.jpg"">"						"<a href=""http://www.ohioswallow.com/book/Alexander+Robey+Shepherd"">Click here for more information</a>"	
6325	9780806151571	"$29.95"	"Blood on the Marias: The Baker Massacre"		"Wylie, Paul"					"Fall 2016"	"2016-11-1"	"Annotation"			"University of Oklahoma Press"		"Battles;Military;Politics"			"<img hspace=6 align=LEFT width=161 height=230 alt=""Product Cover"" border=0 src=""/civilwarbookreview/images/jackets/WylieBloodOnTheMarias.jpg"">"						"<a href=""http://www.oupress.com/ECommerce/Book/Detail/2072/blood%20on%20the%20marias"">Click here for more information</a>"	
6373	9780806152233	"$34.95"	"Narrating the Landscape: Print Culture and American Expansion in the Nineteenth Century"		"Johnston, Matthew N."					"Winter 2017"	"2017-2-1"	"Annotation"			"University of Oklahoma Press"		"Politics;Social_History"			"<img hspace=6 align=LEFT width=161 height=208 alt=""Product Cover"" border=0 src=""/civilwarbookreview/images/jackets/JohnstonNarratingtheLandscape.jpg"">"						"<a href=""http://www.oupress.com/ECommerce/Book/Detail/2103/narrating%20the%20landscape"">Click here for more information</a>"	
6447	9780806152172	"$29.95"	"Nicodemus: Post-Reconstruction Politics and Racial Justice in Western Kansas"		"Hinger, Charlotte"					"Spring 2017"	"2017-5-1"	"Annotation"			"University of Oklahoma Press"		"Politics;Reconstruction;Social_History"			"<img hspace=6 align=LEFT width=161 height=243 alt=""Product Cover"" border=0 src=""/civilwarbookreview/images/jackets/nicodemus.jpg"">"						"<a href=""http://www.oupress.com/ECommerce/Book/Detail/2105/nicodemus "">Click here for more information</a>"	
6369	9780806152219	"$34.95"	"The Texas Frontier and the Butterfield Overland Mail, 1858-1861"		"Ely, Glen Sample"					"Winter 2017"	"2017-2-1"	"Annotation"			"University of Oklahoma Press"		"Politics;Social_History"			"<img hspace=6 align=LEFT width=161 height=201 alt=""Product Cover"" border=0 src=""/civilwarbookreview/images/jackets/ElyTheTexasFrontier.jpg"">"						"<a href=""http://www.oupress.com/ECommerce/Book/Detail/2120/the%20texas%20frontier%20and%20the%20butterfield%20overland%20mail%20%201858%201861"">Click here for more information</a>"	
6313	9780806153377	"$29.95"	"""Hang Them All"": George Wright and the Plateau Indian War"		"Cutler, Donald L."	" Johnson, Janiece L."				"Fall 2016"	"2016-11-1"	"Annotation"			"University of Oklahoma Press"		"Military"			"<img hspace=6 align=LEFT width=161 height=245 alt=""Product Cover"" border=0 src=""/civilwarbookreview/images/jackets/CutlerHangThemAll.jpg"">"						"<a href=""http://www.oupress.com/ECommerce/Book/Detail/2129/hang%20them%20all"">Click here for more information</a>"	
6385	9780806153858	"$29.95"	"Mapping the Four Corners: Narrating the Hayden Survey of 1875"		"McPherson, Robert S"	"Neel, Susan Rhoades"				"Winter 2017"	"2017-2-1"	"Annotation"			"University of Oklahoma Press"		"Politics;Technology"			"<img hspace=6 align=LEFT width=161 height=243 alt=""Product Cover"" border=0 src=""/civilwarbookreview/images/jackets/hayden.jpg"">"						"<a href=""http://www.oupress.com/ECommerce/Book/Detail/2151/mapping%20the%20four%20corners"">Click here for more information</a>"	
6377	9780806155777	"$34.95"	"Picturing Indian Territory: Portraits of the Land That Became Oklahoma, 1819-1907"		"Price, B. Byron"					"Winter 2017"	"2017-2-1"	"Annotation"			"University of Oklahoma Press"		"Social_History"			"<img hspace=6 align=LEFT width=161 height=198 alt=""Product Cover"" border=0 src=""/civilwarbookreview/images/jackets/PricePicturingIndianTerritory.jpg"">"						"<a href=""http://www.oupress.com/ECommerce/Book/Detail/2157/picturing%20indian%20territory"">Click here for more information</a>"	
6441	9780870624292	"$34.95"	"Road to War: The 1871 Yellowstone Surveys"		"Lubetkin, John M."					"Spring 2017"	"2017-5-1"	"Annotation"			"Arthur H. Clark Co."		"Military;Politics;Reference"			"<img hspace=6 align=LEFT width=161 height=245 alt=""Product Cover"" border=0 src=""/civilwarbookreview/images/jackets/roadtowar.jpg"">"						"<a href=""http://www.oupress.com/ECommerce/Book/Detail/2162/road%20to%20war"">Click here for more information</a>"	
6328	9780806154992	"$26.95"	"Slaughter at the Chapel: The Battle of Ezra Church, 1864"		"Ecelbarger, Garry"					"Fall 2016"	"2016-11-1"	"Annotation"			"University of Oklahoma press"		"Battles;Military"			"<img hspace=6 align=LEFT width=161 height=245 alt=""Product Cover"" border=0 src=""/civilwarbookreview/images/jackets/EcelbargerSlaughterattheChapel.jpg"">"						"<a href=""http://www.oupress.com/ECommerce/Book/Detail/2167/slaughter%20at%20the%20chapel"">Click here for more information</a>"	
6443	780806154794	"$32.95"	"Sound the Trumpet, Beat the Drums: Horse-Mounted Bands of the U.S. Army, 1820-1940"		"Gleason, Bruce P."					"Spring 2017"	"2017-5-1"	"Annotation"			"University of Oklahoma Press"		"Cavalry;Military;Regiment;Science;Technology"			"<img hspace=6 align=LEFT width=161 height=245 alt=""Product Cover"" border=0 src=""/civilwarbookreview/images/jackets/soundtrumpet.jpg"">"						"<a href=""http://www.oupress.com/ECommerce/Book/Detail/2169/sound%20the%20trumpet%20%20beat%20the%20drums "">Click here for more information</a>"	
6444	9780307958044	"$35.00"	"The Earth is Weeping: The Epic Story of the Indian Wars for the American West"		"Cozzens, Peter"					"Spring 2017"	"2017-5-1"	"Annotation"			"Knopf"		"Battles;Military;Politics;Social_History"			"<img hspace=6 align=LEFT width=161 height=240 alt=""Product Cover"" border=0 src=""/civilwarbookreview/images/jackets/weepingearth.jpg"">"						"<a href=""http://www.penguinrandomhouse.com/books/215732/the-earth-is-weeping-by-peter-cozzens/"">Click here for more information</a>"	
6427	9780847859122	"$50.00"	"Civil War Battlefields: Walking the Trails of History"		"Gilbert, David T."					"Spring 2017"	"2017-5-1"	"Annotation"			"Rizzoli International Publications, Inc."		"Military;Reference"			"<img hspace=6 align=LEFT width=161 height=161 alt=""Product Cover"" border=0 src=""/civilwarbookreview/images/jackets/GilbertCivilWarBattlefields.jpg"">"						"<a href=""http://www.rizzoliusa.com/book.php?isbn=9780847859122"">Click here for more information</a>"	
6320	9781611213065	"$29.95"	"Joshua Lawrence Chamberlain and the Petersburg Campaign: His Supposed Charge from Fort Hell, his Near-Mortal Wounding, and a Civil War Myth Reconsidered"		"Rasbach, Dennis A."					"Fall 2016"	"2016-11-1"	"Annotation"			"Savas Beatie"		"Military"			"<img hspace=6 align=LEFT width=161 height=242 alt=""Product Cover"" border=0 src=""/civilwarbookreview/images/jackets/RasbachJoshuaLawrenceChamberlain.jpg"">"						"<a href=""http://www.savasbeatie.com/books/book_page.php?"">Click here for more information</a>"	
6319	9781611213287	"$34.95"	"The Chickamauga Campaign - Barren Victory: The Retreat into Chattanooga, the Confederate Pursuit, and the Aftermath of the Battle, September 21 to October 20, 1863"		"Powell, David A"					"Fall 2016"	"2016-11-1"	"Annotation"			"Savas Beatie"		"Military"			"<img hspace=6 align=LEFT width=161 height=241 alt=""Product Cover"" border=0 src=""/civilwarbookreview/images/jackets/PowellChickamaugaCampaign.jpg"">"						"<a href=""http://www.savasbeatie.com/books/book_page.php?bookVAR=Chick_Camp_BV&bookType=about&authorID1=DAPowell&authorID2=empty&authorID3=empty&authorID4=empty&authorID5=empty"">Click here for more information</a>"	
6437	9781611212723	"$13.95"	"""Double Canister At Ten Yards"": The Federal Artillery and the Repulse of Pickett's Charge, July 3, 1863"		"Shultz, David L."					"Spring 2017"	"2017-5-1"	"Annotation"			"Savas Beatie"		"Battles;Regiment;Technology"			"<img hspace=6 align=LEFT width=161 height=241 alt=""Product Cover"" border=0 src=""/civilwarbookreview/images/jackets/ShultzDoubleCanisteratTenYards.jpg"">"						"<a href=""http://www.savasbeatie.com/books/book_page.php?bookVAR=Double_Canister&bookType=about&authorID1=DLShultz&authorID2=empty&authorID3=empty&authorID4=empty&authorID5=empty"">Click here for more information</a>"	
6322	9781611213263	"$32.95"	"Lincoln's Greatest Journey: Sixteen Days that Changed a Presidency, March 24 - April 8, 1865"		"Trudeau, Noah Andre"					"Fall 2016"	"2016-11-1"	"Annotation"			"Savas Beatie"		"Politics"			"<img hspace=6 align=LEFT width=161 height=241 alt=""Product Cover"" border=0 src=""/civilwarbookreview/images/jackets/TrudeauLincolnsGreatestJourney.jpg"">"						"<a href=""http://www.savasbeatie.com/books/book_page.php?bookVAR=Lincolns_Journey&bookType=about&authorID1=NATrudeau&authorID2=empty&authorID3=empty&authorID4=empty&authorID5=empty"">Click here for more information</a>"	
6372	9781611213331	"$14.99"	"The Ultimate guide to the Gettysburg Address"		"Hirsch, David"	"Van Haften, Dan"				"Winter 2017"	"2017-2-1"	"Annotation"			"Savas Beatie"		"Politics"			"<img hspace=6 align=LEFT width=161 height=113 alt=""Product Cover"" border=0 src=""/civilwarbookreview/images/jackets/HirschGettysburgAddress.jpg"">"						"<a href=""http://www.savasbeatie.com/index.htm"">Click here for more information</a>"	
6442	9780813938776	"$39.50"	"A Sage of the New South: Race, Law, and Public Debt in Virginia"		"Tarter, Brent"					"Spring 2017"	"2017-5-1"	"Annotation"			"University of Virginia Press"		"Reconstruction;Social_History"			"<img hspace=6 align=LEFT width=161 height=243 alt=""Product Cover"" border=0 src=""/civilwarbookreview/images/jackets/VAdebt.jpg"">"						"<a href=""http://www.upress.virginia.edu/title/4940"">Click here for more information</a>"	
6446	9781594162268	"$18.95"	"Lee's Lost Dispatch and Other Civil War Controversies"		"Leigh, Philip"					"Spring 2017"	"2017-5-1"	"Annotation"			" Westholme"		"Battles;Military;Politics"			"<img hspace=6 align=LEFT width=161 height=242 alt=""Product Cover"" border=0 src=""/civilwarbookreview/images/jackets/leeslostdispatch.jpg"">"						"<a href=""http://www.westholmepublishing.com/lees_lost_dispatch.php "">Click here for more information</a>"	
6439	9780300223385	"$28.00"	"The Winchester: The Gun That Built an american Dynasty"		"Trevelyan, Laura"					"Spring 2017"	"2017-5-1"	"Annotation"			"Yale University Press"		"Military;Politics"			"<img hspace=6 align=LEFT width=161 height=246 alt=""Product Cover"" border=0 src=""/civilwarbookreview/images/jackets/TrevelyanTheWinchester.jpg"">"						"<a href=""http://yalebooks.com/book/9780300223385/winchester"">Click here for more information</a>"	
6386	9781421421452	"$19.95 (paperback)"	"Living Hell: The Dark Side of the Civil War"		"Adams, Michael C.C."					"Winter 2017"	"2017-2-1"	"Annotation"			"Johns Hopkins Press"		"Military;Social_History"			"<img hspace=6 align=LEFT width=161 height=242 alt=""Product Cover"" border=0 src=""/civilwarbookreview/images/jackets/adamslivinghellf.jpg"">"						"<a href=""https://jhupbooks.press.jhu.edu/content/living-hell"">Click here for more information</a>"	
6370	9781421421285	"$45.00"	"Wealth and Disaster: Atlantic Migrations from a Pyrenean town in the Eighteenth and Nineteenth Centuries"		"Force, Pierre"					"Winter 2017"	"2017-2-1"	"Annotation"			"John Hopkins Press"		"Social_History"			"<img hspace=6 align=LEFT width=161 height=242 alt=""Product Cover"" border=0 src=""/civilwarbookreview/images/jackets/ForceWealthandDisaster.jpg"">"						"<a href=""https://jhupbooks.press.jhu.edu/content/wealth-and-disaster"">Click here for more information</a>"	
6426		"$75.00"	"John McDonald and the Whiskey Ring: From Thug to Grant's Inner Circle"		"Cooper, Edward S."					"Spring 2017"	"2017-5-1"	"Annotation"			"Fairleigh Dickinson University Press"		"Military;Politics"		9781683930129	"<img hspace=6 align=LEFT width=161 height=241 alt=""Product Cover"" border=0 src=""/civilwarbookreview/images/jackets/CooperWhiskeyRing.jpg"">"						"<a href=""https://rowman.com/ISBN/9781683930129/John-McDonald-and-the-Whiskey-Ring-From-Thug-to-Grants-Inner-Circle"">Click here for more information</a>"	
6331	9781574416503	"$29.95"	"No Hope for Heaven, No Fear of Hell: The Stafford-Townsend Feud of Colorado County, Texas, 1871-1911"		"Kearney, James C.; Stein, Bill"	"Smallwood, James"				"Fall 2016"	"2016-11-1"	"Annotation"			"University of North Texas Press"		"Politics;Social_History"			"<img hspace=6 align=LEFT width=161 height=242 alt=""Product Cover"" border=0 src=""/civilwarbookreview/images/jackets/KearneyNoHopeforHeaven.jpg"">"						"<a href=""https://untpress.unt.edu/catalog/3715"">Click here for more information</a>"	
6440	9781515396994	"$19.95"	"Hoffman's Army: The 31st Virginia Infantry, CSA"		"Wooddell, David W."					"Spring 2017"	"2017-5-1"	"Annotation"			"CreateSpace Publishing"		"Battles;Military;Reference;Regiment"			"<img hspace=6 align=LEFT width=161 height=242 alt=""Product Cover"" border=0 src=""/civilwarbookreview/images/jackets/WooddellHoffmansArmy.jpg"">"						"<a href=""https://www.amazon.com/Hoffmans-Army-31st-Virginia-Infantry/dp/1515396991/ref=sr_1_1?s=books&ie=UTF8&qid=1493229833&sr=1-1&keywords=hoffman%27s+army"">Click here for more information</a>"	
6382	9780738503578	"$24.99"	"The Union Cavalry Comes of Age: Hartwood Church to Brandy Station, 1863"		"Wittenberg, Eric J."					"Winter 2017"	"2017-2-1"	"Annotation"			"History Press"		"Battles;Cavalry;Military"			"<img hspace=6 align=LEFT width=161 height=242 alt=""Product Cover"" border=0 src=""/civilwarbookreview/images/jackets/WittenbergTheUnionCavalry.jpg"">"						"<a href=""https://www.arcadiapublishing.com/Products/9780738503578"">Click here for more information</a>"	
6312	9781467136969	"$21.99"	"Paducah and the Civil War"		"Cashon, John Philip"					"Fall 2016"	"2016-11-1"	"Annotation"			"Arcadia"		"Military"			"<img hspace=6 align=LEFT width=161 height=232 alt=""Product Cover"" border=0 src=""/civilwarbookreview/images/jackets/CashonPaducahandtheCivilWar.jpg"">"						"<a href=""https://www.arcadiapublishing.com/Products/97814671"">Click here for more information</a>"	
6376	9781467124225	"$21.99"	"Images of America: Civil War Graves of Northern Virginia"		"Mills, Charles A."					"Winter 2017"	"2017-2-1"	"Annotation"			"Arcadia"		"Social_History"			"<img hspace=6 align=LEFT width=161 height=234 alt=""Product Cover"" border=0 src=""/civilwarbookreview/images/jackets/MillsCivilWarGraves.jpg"">"						"<a href=""https://www.arcadiapublishing.com/Products/9781467124225"">Click here for more information</a>"	
6431	9781625858399	"$21.99"	"The Yazoo Pass Expedition: A Union Thrust into the Delta"		"McCluney Jr., Larry Allen"					"Spring 2017"	"2017-5-1"	"Annotation"			"The History Press"		"Battles"			"<img hspace=6 align=LEFT width=161 height=244 alt=""Product Cover"" border=0 src=""/civilwarbookreview/images/jackets/McCluneyTheYazooPass.jpg"">"						"<a href=""https://www.arcadiapublishing.com/Products/9781625858399"">Click here for more information</a>"	
6367	9781626198920	"$21.99"	"The Battle of Glendale: Robert E. Lee's Lost Opportunity"		"Crenshaw, Douglas"					"Winter 2017"	"2017-2-1"	"Annotation"			"History Press"		"Battles;Military"			"<img hspace=6 align=LEFT width=161 height=241 alt=""Product Cover"" border=0 src=""/civilwarbookreview/images/jackets/CrenshawBattleofGlendale.jpg"">"						"<a href=""https://www.arcadiapublishing.com/Products/9781626198920"">Click here for more information</a>"	
6324	9781611175363	"$39.99"	"The Civil War Letters of Alexander McNeill, 2nd South Carolina Infantry Regiment"		"Wyckoff, Mac"	"Starling, Cora Lee Godsey"				"Fall 2016"	"2016-11-1"	"Annotation"			"University of South Carolina Press"		"Biographies;Military;Politics"			"<img hspace=6 align=LEFT width=161 height=242 alt=""Product Cover"" border=0 src=""/civilwarbookreview/images/jackets/WyckoffCivilWarLetters.jpg"">"						"<a href=""https://www.sc.edu/uscpress/books/2016/7536.html"">Click here for more information</a>"	
6425	9781611177138	"$34.99"	"Captain James Carlin: Anglo-American Blockade Runner"		"Carlin, Colin"					"Spring 2017"	"2017-5-1"	"Annotation"			"The University of South Carolina Press"		"Biographies"			"<img hspace=6 align=LEFT width=161 height=242 alt=""Product Cover"" border=0 src=""/civilwarbookreview/images/jackets/CarlinCaptainJamesCarlin.jpg"">"						"<a href=""https://www.sc.edu/uscpress/books/2016/7713.html"">Click here for more information</a>"	
6436	9781469633367	"$24.00"	"A Field Guide to Gettysburg"		"Reardon, Carol"	"Vossler, Tom"				"Spring 2017"	"2017-5-1"	"Annotation"			"University of North Carolina Press"		"Reference"			"<img hspace=6 align=LEFT width=161 height=242 alt=""Product Cover"" border=0 src=""/civilwarbookreview/images/jackets/ReardonGettysburg.jpg"">"						"<a href=""https://www.uncpress.org/book/9781469633367/a-field-guide-to-gettysburg-second-edition/"">Click here for more information</a>"	
6364	9780761187394	"$12.95"	"Spy on History: Mary Bowser and the Civil War Spy Ring"		"Alberti, Enigma"	"Cliff, Tony"				"Winter 2017"	"2017-2-1"	"Annotation"			"Workman"		"For_Kids"			"<img hspace=6 align=LEFT width=161 height=227 alt=""Product Cover"" border=0 src=""/civilwarbookreview/images/jackets/AlbertiSpyonHistory.jpg"">"						"<a href=""https://www.workman.com/products/spy-on-history-mary-bowser-and-the-civil-war-spy-ring"">Click here for more information</a>"	
6531	9781611212600	"$26.95"	"Resisting Sherman: A Confederate Surgeon's Journal and the Civil War in the Carolinas, 1865"		"Robertson, Thomas Heard Jr."					"Fall 2017"	"2017-11-1"	"Annotation"			"Savas Beatie"					"<img hspace=6 align=LEFT width=161 height=247 alt=""Product Cover"" border=0 src=""/civilwarbookreview/images/jackets/ResistingSherman.jpg"">"						"<a href=http://savasbeatie.com/books/book_page.php?bookVAR=ResistingSherman&bookType=about&authorID1=THRobertson&authorID2=empty&authorID3=empty&authorID4=empty&authorID5=empty>Click here for more information</a>"	
6552	"978-0-8093-3384-4"	"$19.95"	"Looking for Lincoln in Illinois"		"Fraker, Guy C."					"Fall 2017"	"2017-11-1"	"Annotation"			"Southern Illinois University Press"					"<img hspace=6 align=LEFT width=161 height=242 alt=""Product Cover"" border=0 src=""/civilwarbookreview/images/jackets/frakerlincoln.jpg"">"						"<a href=http://siupress.com/books/978-0-8093-3384-4>Click here for more information</a>"	
6553	9780674088726	"$19.95"	"Blake or the Huts of America: A Corrected Edition"		"Delany, Martin R."	"(ed.) McGann, Jerome"				"Fall 2017"	"2017-11-1"	"Annotation"			"Harvard University Press"					"<img hspace=6 align=LEFT width=161 height=243 alt=""Product Cover"" border=0 src=""/civilwarbookreview/images/jackets/delanyblake.jpg"">"						"<a href=http://www.hup.harvard.edu/catalog.php?isbn=9780674088726>Click here for more information</a>"	
6484	9780674659544	"$29.95"	"Man's Better Angels: Romantic Reformers and the Coming of the Civil War"		"Gura, Philip F."					"Summer 2017"	"2017-8-1"	"Annotation"			"Harvard University Press"					"<img hspace=6 align=LEFT width=161 height=243 alt=""Product Cover"" border=0 src=""/civilwarbookreview/images/jackets/betterangelswr.jpg"">"						"<a href=http://www.hup.harvard.edu/catalog.php?isbn=9780674659544>Click here for more information</a>"	
6557	"978-1-60635-304-2"	"$24.95"	"Death of an Assassin: The True Story of the German Murderer Who Died Defending Robert E. Lee"		"Ackermann, Ann Marie"					"Fall 2017"	"2017-11-1"	"Annotation"			"Kent State University Press"					"<img hspace=6 align=LEFT width=161 height=242 alt=""Product Cover"" border=0 src=""/civilwarbookreview/images/jackets/Ackermann.jpg"">"						"<a href=http://www.kentstateuniversitypress.com/2016/death-of-an-assassin-2/>Click here for more information</a>"	
6604	9781606353097	"$39.95"	"Phantoms of the South Fork: Captain McNeill and His Rangers"		"French, Steve"					"Winter 2018"	"2018-2-1"	"Annotation"			"Kent State University Press"					"<img hspace=6 align=LEFT width=161 height=242 alt=""Product Cover"" border=0 src=""/civilwarbookreview/images/jackets/frenchphantoms.jpg"">"						"<a href=http://www.kentstateuniversitypress.com/2016/phantoms-of-the-south-fork-2/>Click here for more information</a>"	
6478	9780813167473	"$40.00"	"Lincoln before Lincoln: Early Cinematic Adaptations of the Life of America's Greatest President"		"Snee, Brian J."					"Summer 2017"	"2017-8-1"	"Annotation"			"University Press of Kentucky"					"<img hspace=6 align=LEFT width=161 height=242 alt=""Product Cover"" border=0 src=""/civilwarbookreview/images/jackets/lincolnonlincolnwr.jpg"">"						"<a href=http://www.kentuckypress.com/live/title_detail.php?titleid=2681#.WXI1zGeotQs>Click here for more information</a>"	
6540	9780786495764	"$39.95"	"Joseph Brown and His Civil War Ironclads: The USS Chillicothe, Indianola, and Tuscumbia"		"Smith, Myron J."					"Fall 2017"	"2017-11-1"	"Annotation"			"McFarland"					"<img hspace=6 align=LEFT width=161 height=230 alt=""Product Cover"" border=0 src=""/civilwarbookreview/images/jackets/ironclads.jpg"">"						"<a href=http://www.mcfarlandbooks.com/book-2.php?id=978-0-7864-9576-4>Click here for more information</a>"	
6493	9781476663296	"$35.00"	"Chasing Mosby, Killing Booth: The 16th New York Volunteer Cavalry"		"son, James"					"Summer 2017"	"2017-8-1"	"Annotation"			"McFarland"					"<img hspace=6 align=LEFT width=161 height=242 alt=""Product Cover"" border=0 src=""/civilwarbookreview/images/jackets/mosbyboothwr.jpg"">"						"<a href=http://www.mcfarlandbooks.com/book-2.php?id=978-1-4766-6329-6>Click here for more information</a>"	
6482	9781476665368	"$39.95"	"The Cavalries at Stones River: An Analytical History"		"Belcher, Dennis W."					"Summer 2017"	"2017-8-1"	"Annotation"			"Mcfarland"					"<img hspace=6 align=LEFT width=161 height=230 alt=""Product Cover"" border=0 src=""/civilwarbookreview/images/jackets/cavalriesstoneswr.jpg"">"						"<a href=http://www.mcfarlandbooks.com/book-2.php?id=978-1-4766-6536-8 >Click here for more information</a>"	
6494	9781476665580	"$45.00"	"The Home Voices Speak Louder Than the Drums: Dreams and the Imagination in Civil War Letters and Memoirs"		"Burch, Wanda Easter"					"Summer 2017"	"2017-8-1"	"Annotation"			"McFarland"					"<img hspace=6 align=LEFT width=161 height=230 alt=""Product Cover"" border=0 src=""/civilwarbookreview/images/jackets/ homevoiceswr.jpg"">"						"<a href=http://www.mcfarlandbooks.com/book-2.php?id=978-1-4766-6558-0>Click here for more information</a>"	
6486	9781476665603	"$39.95"	"Civil War Hospital Newspapers: Histories and Excerpts of Nine Union Publications"		"Spar, Ira"					"Summer 2017"	"2017-8-1"	"Annotation"			"McFarland"					"<img hspace=6 align=LEFT width=161 height=230 alt=""Product Cover"" border=0 src=""/civilwarbookreview/images/jackets/civilwarhospitalnewswr.jpg"">"						"<a href=http://www.mcfarlandbooks.com/book-2.php?id=978-1-4766-6560-3>Click here for more information</a>"	
6548	9781476667607	"$45.00"	"Military Trains and Railways: An Illustrated History"		"Lepage, Jean-Denis G.G."					"Fall 2017"	"2017-11-1"	"Annotation"			"McFarland"					"<img hspace=6 align=LEFT width=161 height=230 alt=""Product Cover"" border=0 src=""/civilwarbookreview/images/jackets/militarytrains.jpg"">"						"<a href=http://www.mcfarlandbooks.com/book-2.php?id=978-1-4766-6760-7>Click here for more information</a>"	
6483	9781476668215	"$49.95"	"The Army of Tennessee: Organization, Strength, Casualties, 1862–1865"		"Collins, Darrell L."	" Johnson, Janiece L."				"Summer 2017"	"2017-8-1"	"Annotation"			"McFarland"					"<img hspace=6 align=LEFT width=161 height=209alt=""Product Cover"" border=0 src=""/civilwarbookreview/images/jackets/armyoftennesseewr.jpg"">"						"<a href=http://www.mcfarlandbooks.com/book-2.php?id=978-1-4766-6821-5>Click here for more information</a>"	
6492	9781476669861	"$35.00"	"Brigadier General Robert L. McCook and Colonel Daniel McCook, Jr.: A Union Army Dual Biography"		"Fanebust, Wayne"					"Summer 2017"	"2017-8-1"	"Annotation"			"McFarland"					"<img hspace=6 align=LEFT width=161 height=242alt=""Product Cover"" border=0 src=""/civilwarbookreview/images/jackets/unionarmydualwr.jpg"">"						"<a href=http://www.mcfarlandbooks.com/book-2.php?id=978-1-4766-6986-1>Click here for more information</a>"	
6549	9780881466065	"$35.00"	"Our Good and Faithful Servant: James Moore Wayne and Georgia Unionism"		"McMahon, Joel"					"Fall 2017"	"2017-11-1"	"Annotation"			"Mercer"					"<img hspace=6 align=LEFT width=161 height=243 alt=""Product Cover"" border=0 src=""/civilwarbookreview/images/jackets/georgiaunionism.jpg"">"						"<a href=http://www.mupress.org/Our-Good-and-Faithful-Servant-James-Moore-Wayne-and-Georgia-Unionism-P930.aspx>Click here for more information</a>"	
6479	9780881465945	"$30.00"	"Reconstruction in Georgia: Economic, Social, Political, 1865-1872"		"Thompson, C. Mildred"					"Summer 2017"	"2017-8-1"	"Annotation"			"Mercer University Press"					"<img hspace=6 align=LEFT width=161 height=242 alt=""Product Cover"" border=0 src=""/civilwarbookreview/images/jackets/recongeorgiawr.jpg"">"						"<a href=http://www.mupress.org/Reconstruction-in-Georgia-Economic-Social-Political-1865-1872-P919.aspx>Click here for more information</a>"	
6602	9780881466041	"$35.00"	"The Legion's Fighting Bulldog: The Civil War Correspondence of William Gaston Delony, Lieutenant Colonel of Cobb's Georgia Legion Cavalry, and Rosa Delony, 1853-1863"		"Dooley, Vincent Joseph"	"Thomas, Samuel Norman Jr."				"Winter 2018"	"2018-2-1"	"Annotation"			"Mercer University Press"					"<img hspace=6 align=LEFT width=161 height=242 alt=""Product Cover"" border=0 src=""/civilwarbookreview/images/jackets/dooleybulldog.jpg"">"						"<a href=http://www.mupress.org/The-Legions-Fighting-Bulldog-The-Civil-War-Correspondence-of-William-Gaston-Delony-Lieutenant-Colonel-of-Cobbs-Georgia-Legion-Cavalry-and-Rosa-Delony-1853-1863-P928.aspx >Click here for more information</a>"	
6541	9781612348568	"$32.95"	"Plotting to Kill the President: Assassination Attempts from Washington to Hoover"		"Ayton, Mel"					"Fall 2017"	"2017-11-1"	"Annotation"			"Potomac Books"					"<img hspace=6 align=LEFT width=161 height=116 alt=""Product Cover"" border=0 src=""/civilwarbookreview/images/jackets/binghampeoplewr.jpg"">"						"<a href=http://www.nebraskapress.unl.edu/potomac/9781612348568/>Click here for more information</a>"	
6554	9780821421604	" $18.36"	"Driven Toward Madness: The Fugitive Slave Margaret Garner and Tragedy on the Ohio"		"Taylor, Nikki M."					"Fall 2017"	"2017-11-1"	"Annotation"			"Ohio University Press"					"<img hspace=6 align=LEFT width=161 height=242 alt=""Product Cover"" border=0 src=""/civilwarbookreview/images/jackets/taylordriven.jpg"">"						"<a href=http://www.ohioswallow.com/book/Driven+toward+Madness >Click here for more information</a>"	
6488	9780870623868	"$45.00"	"At Sword's Point, Part 2: A Documentary History of the Utah War, 1858–1859"		"Ed. MacKinnon, William"					"Summer 2017"	"2017-8-1"	"Annotation"			"University of Oklahoma Press"					"<img hspace=6 align=LEFT width=161 height=260 alt=""Product Cover"" border=0 src=""/civilwarbookreview/images/jackets/swordspoint2wr.jpg"">"						"<a href=http://www.oupress.com/ECommerce/Book/Detail/2132/at%20sword%2027s%20point%20%20part%202>Click here for more information</a>"	
6543	9780806157238	"$130.00"	"Mountain Meadows Massacre: Collected Legal Papers"		"Turely, Richard E."	"Carruth, Lajean Purcell"	"Johnson, Janiece L."			"Fall 2017"	"2017-11-1"	"Annotation"			"University of Oklahoma Press"					"<img hspace=6 align=LEFT width=161 height=224 alt=""Product Cover"" border=0 src=""/civilwarbookreview/images/jackets/binghampeoplewr.jpg"">"						"<a href=http://www.oupress.com/ECommerce/Book/Detail/2208/mountain%20meadows%20massacre>Click here for more information</a>"	
6550	870624415	"$60.00"	"Utah and the American Civil War: The Written Record"		"Alford, Kenneth L."					"Fall 2017"	"2017-11-1"	"Annotation"			"Arthur H. Clark Company"					"<img hspace=6 align=LEFT width=161 height=242 alt=""Product Cover"" border=0 src=""/civilwarbookreview/images/jackets/utahwritten.jpg"">"						"<a href=http://www.oupress.com/ECommerce/Book/Detail/2251/utah%20and%20the%20american%20civil%20war>Click here for more information</a>"	
6534	9781455623075	"$23.96"	"The Camel Regiment: A History of the Bloody 43rd Mississippi Volunteer Infantry, CSA 1862-65"		"Bell, W."					"Fall 2017"	"2017-11-1"	"Annotation"			"Pelican"					"<img hspace=6 align=LEFT width=161 height=241 alt=""Product Cover"" border=0 src=""/civilwarbookreview/images/jackets/camelregiment.jpg"">"						"<a href=http://www.pelicanpub.com/proddetail.php?prod=9781455623075#.WfC0W2hSyCo>Click here for more information</a>"	
6477	9780252039812	"$35.00"	"Herndon on Lincoln: Letters"		"Herndon, William H."	"Wilson, Douglas L."	"Davis, Rodney Davis O."			"Summer 2017"	"2017-8-1"	"Annotation"			"University of Illinois Press"					"<img hspace=6 align=LEFT width=161 height=242 alt=""Product Cover"" border=0 src=""/civilwarbookreview/images/jackets/herndonlincolnwr.jpg"">"						"<a href=http://www.press.uillinois.edu/books/catalog/27thg5hy9780252039812.html>Click here for more information</a>"	
6489	9780252081866	"$25.95"	"Bloomer Girls: Women Baseball Pioneers"		"Shattuck, Debra A."					"Summer 2017"	"2017-8-1"	"Annotation"			"University of Illinois Press"					"<img hspace=6 align=LEFT width=161 height=237 alt=""Product Cover"" border=0 src=""/civilwarbookreview/images/jackets/bloomergirlswr.jpg"">"						"<a href=http://www.press.uillinois.edu/books/catalog/74pgn3qk9780252040375.html >Click here for more information</a>"	
6480	9781611213195	"$14.95"	"All the Fighting They Want: The Atlanta Campaign from Peachtree Creek to the City's Surrender, July 18-September 2, 1864"		"Davis, Stephen"					"Summer 2017"	"2017-8-1"	"Annotation"			"Savas Beatie"					"<img hspace=6 align=LEFT width=161 height=242 alt=""Product Cover"" border=0 src=""/civilwarbookreview/images/jackets/AllTheFightingwr.jpg"">"						"<a href=http://www.savasbeatie.com/books/book_page.php?bookVAR=AllTheFighting&bookType=about&authorID1=SDavis&authorID2=empty&authorID3=empty&authorID4=empty&authorID5=empty>Click here for more information</a>"	
6496	9781611213775	"$14.95"	"Battle above the Clouds: Lifting the Siege of Chattanooga and the Battle of Lookout Mountain, October 16 - November 24, 1863"		"Powell, David A."					"Summer 2017"	"2017-8-1"	"Annotation"			"Savas Beatie"					"<img hspace=6 align=LEFT width=161 height=240 alt=""Product Cover"" border=0 src=""/civilwarbookreview/images/jackets/BattleCloudswr.jpg"">"						"<a href=http://www.savasbeatie.com/books/book_page.php?bookVAR=BattleClouds&bookType=about&authorID1=DAPowell&authorID2=empty&authorID3=empty&authorID4=empty&authorID5=empty>Click here for more information</a>"	
6545	9781611213287	"$34.95"	"The Chickamauga Campaign—Barren Victory: The Retreat into Chattanooga, the Confederate Pursuit, and the Aftermath of the Battle, September 21 to October 20, 1863"		"Powell, David A"					"Fall 2017"	"2017-11-1"	"Annotation"			"Savas Beatie"											"<a href=http://www.savasbeatie.com/books/book_page.php?bookVAR=Chick_Camp_BV&bookType=about&authorID1=DAPowell&authorID2=empty&authorID3=empty&authorID4=empty&authorID5=empty>Click here for more information</a>"	
6544	9781611212020	"$39.95"	"The Chickamauga Campaign—Glory or the Grave: The Breakthrough, the Union Collapse, and the Defense of Horseshoe Ridge, September 20, 1863"		"Powell, David A."					"Fall 2017"	"2017-11-1"	"Annotation"			"Savas Beatie"					"<img hspace=6 align=LEFT width=161 height=248 alt=""Product Cover"" border=0 src=""/civilwarbookreview/images/jackets/binghampeoplewr.jpg"">"						"<a href=http://www.savasbeatie.com/books/book_page.php?bookVAR=CHICK_CAMP_GG&bookType=toc&authorID1=DAPowell&authorID2=empty&authorID3=empty&authorID4=empty&authorID5=empty>Click here for more information</a>"	
6591	9781611213096	"$32.95"	"Confederate Waterloo: The Battle of Five Forks, April 1, 1865, and the Controversy that Brought Down a General"		"McCarthy, Michael J."					"Winter 2018"	"2018-2-1"	"Annotation"			"Savas Beatie"					"<img hspace=6 align=LEFT width=161 height=241 alt=""Product Cover"" border=0 src=""/civilwarbookreview/images/jackets/mccarthywaterloo.jpg"">"						"<a href=http://www.savasbeatie.com/books/book_page.php?bookVAR=ConfederateWaterloo&bookType=about&authorID1=MJMcCarthy&authorID2=empty&authorID3=empty&authorID4=empty&authorID5=empty >Click here for more information</a>"	
6495	9781611213539	"$25.00"	"Discovering Gettysburg: An Unconventional Introduction to the Greatest Little Town in America and the Monumental Battle that Made It Famous"		"Coleman, W. Stephen"					"Summer 2017"	"2017-8-1"	"Annotation"			"Savas Beatie"					"<img hspace=6 align=LEFT width=161 height=242 alt=""Product Cover"" border=0 src=""/civilwarbookreview/images/jackets/DiscoverGettysburgwr.jpg"">"						"<a href=http://www.savasbeatie.com/books/book_page.php?bookVAR=DiscoverGettysburg&bookType=about&authorID1=WSColeman&authorID2=empty&authorID3=empty&authorID4=empty&authorID5=empty >Click here for more information</a>"	
6597	9781611213690	"$32.95"	"The Generals of Shiloh: Character in Leadership, April 6-7, 1862"		"Tagg, Larry"					"Winter 2018"	"2018-2-1"	"Annotation"			"Savas Beatie"					"<img hspace=6 align=LEFT width=161 height=241alt=""Product Cover"" border=0 src=""/civilwarbookreview/images/jackets/tagggenerals.jpg"">"						"<a href=http://www.savasbeatie.com/books/book_page.php?bookVAR=GeneralsShiloh&bookType=about&authorID1=LTagg&authorID2=empty&authorID3=empty&authorID4=empty&authorID5=empty>Click here for more information</a>"	
6586	9781611212846	"$32.95"	"The Battles and Campaigns of Confederate General Nathan Bedford Forrest, 1861-1865"		"Scales, John R."					"Winter 2018"	"2018-2-1"	"Annotation"			"Savas Beatie"					"<img hspace=6 align=LEFT width=161 height=244 alt=""Product Cover"" border=0 src=""/civilwarbookreview/images/jackets/scalesnbf.jpg"">"						"<a href=http://www.savasbeatie.com/books/book_page.php?bookVAR=GenNathanBedfordForrest&bookType=about&authorID1=JRScales&authorID2=empty&authorID3=empty&authorID4=empty&authorID5=empty>Click here for more information</a>"	
6485	9781611213430	"$29.95"	"Meade and Lee After Gettysburg: The Forgotten Final Stage of the Gettysburg Campaign, from Falling Waters to Culpeper Court House, July 14-31, 1863"		"Hunt, Jeffrey William"					"Summer 2017"	"2017-8-1"	"Annotation"			"Savas Beatie"					"<img hspace=6 align=LEFT width=161 height=242 alt=""Product Cover"" border=0 src=""/civilwarbookreview/images/jackets/MeadeLeeAfterwr.jpg"">"						"<a href=http://www.savasbeatie.com/books/book_page.php?bookVAR=MeadeLeeAfter&bookType=about&authorID1=JWHunt&authorID2=empty&authorID3=empty&authorID4=empty&authorID5=empty>Click here for more information</a>"	
6499	9781611213553	"$14.95"	"Richmond Shall Not Be Given Up: The Seven Days' Battles, June 25-July 1, 1862"		"Crenshaw, Doug"					"Summer 2017"	"2017-8-1"	"Annotation"			"Savas Beatie"					"<img hspace=6 align=LEFT width=161 height=241 alt=""Product Cover"" border=0 src=""/civilwarbookreview/images/jackets/RichmondGivenUpwr.jpg"">"						"<a href=http://www.savasbeatie.com/books/book_page.php?bookVAR=RichmondGivenUp&bookType=about&authorID1=DCrenshaw&authorID2=empty&authorID3=empty&authorID4=empty&authorID5=empty >Click here for more information</a>"	
6608	9781611214055	"$24.95"	"A Strange and Blighted Land: Gettysburg: The Aftermath of a Battle"		"Coco, Gregory"					"Winter 2018"	"2018-2-1"	"Annotation"			"Savas Beatie"					"<img hspace=6 align=LEFT width=161 height=241 alt=""Product Cover"" border=0 src=""/civilwarbookreview/images/jackets/cocoblighted.jpg"">"						"<a href=http://www.savasbeatie.com/books/book_page.php?bookVAR=StrangeBlightLand&bookType=about&authorID1=GACoco&authorID2=empty&authorID3=empty&authorID4=empty&authorID5=empty>Click here for more information</a>"	
6595	9781611213379	"$34.95"	"Under the Crescent Moon with the XI Corps in the Civil War. Volume 1: From the Defenses of Washington to Chancellorsville, 1862-1863"		"Pula, James"					"Winter 2018"	"2018-2-1"	"Annotation"			"Savas Beatie"					"<img hspace=6 align=LEFT width=161 height=241 alt=""Product Cover"" border=0 src=""/civilwarbookreview/images/jackets/pulacrescentmoon.jpg"">"						"<a href=http://www.savasbeatie.com/books/book_page.php?bookVAR=UCrescentMoon&bookType=about&authorID1=JSPula&authorID2=empty&authorID3=empty&authorID4=empty&authorID5=empty>Click here for more information</a>"	
6542	9780809335237	"$39.95"	"Inventing Loreta Velasquez: Confederate Soldier Impersonator, Media Celebrity, and Con Artist"		"Davis, William C."					"Fall 2017"	"2017-11-1"	"Annotation"			"Southern Illinois Press"					"<img hspace=6 align=LEFT width=161 height=243 alt=""Product Cover"" border=0 src=""/civilwarbookreview/images/jackets/loretavelasquez.jpg"">"						"<a href=http://www.siupress.com/books/978-0-8093-3523-7>Click here for more information</a>"	
6490	9780809335923	"$34.50"	"Civil War Pharmacy: A History, 2nd Edition"		"Flannery, Michael A"					"Summer 2017"	"2017-8-1"	"Annotation"			"Southern Illinois Press"					"<img hspace=6 align=LEFT width=161 height=242 alt=""Product Cover"" border=0 src=""/civilwarbookreview/images/jackets/pharmacywr.jpg"">"						"<a href=http://www.siupress.com/books/978-0-8093-3592-3>Click here for more information</a>"	
6491	9781845883331	"$22.08"	"The Forgotten Irish: Irish Emigrant Experiences in America"		"Shiels, Damian"					"Summer 2017"	"2017-8-1"	"Annotation"			"History Press Ireland"					"<img hspace=6 align=LEFT width=161 height=243alt=""Product Cover"" border=0 src=""/civilwarbookreview/images/jackets/irishforgottenwr.jpg"">"						"<a href=http://www.thehistorypress.ie/The-Forgotten-Irish__p-715.aspx>Click here for more information</a>"	
6587	9780817319717	"$29.95"	"The Perfect Scout: A Soldier's Memoir of the Great March to the Sea and the Campaign of the Carolinas"		"Quimby, George W."	"Rubin, Anne Sarah"	"Murphy, Stephen"			"Winter 2018"	"2018-2-1"	"Annotation"			"University of Alabama Press"					"<img hspace=6 align=LEFT width=161 height=241 alt=""Product Cover"" border=0 src=""/civilwarbookreview/images/jackets/quimbyscout.jpg"">"						"<a href=http://www.uapress.ua.edu/product/Perfect-Scout,6778.aspx>Click here for more information</a>"	
6601	9780817319601	"$34.95"	"These Rugged Days: Alabama in the Civil War"		"Sledge, John S."					"Winter 2018"	"2018-2-1"	"Annotation"			"University of Alabama Press"					"<img hspace=6 align=LEFT width=161 height=243 alt=""Product Cover"" border=0 src=""/civilwarbookreview/images/jackets/sledgerugged.jpg"">"						"<a href=http://www.uapress.ua.edu/product/These-Rugged-Days,6724.aspx>Click here for more information</a>"	
6556	"978-0-8203-5102-5"	"$32.95"	"Practical Strangers: The Courtship Correspondence of Nathaniel Dawson and Elodie Todd, Sister of Mary Todd Lincoln"		"Berry, Stephen"	"Elder, Angela Esco"				"Fall 2017"	"2017-11-1"	"Annotation"			"University of Georgia Press"					"<img hspace=6 align=LEFT width=161 height=243 alt=""Product Cover"" border=0 src=""/civilwarbookreview/images/jackets/berrystrangers.jpg"">"						"<a href=http://www.ugapress.org/index.php/books/practical_strangers/>Click here for more information</a>"	
6475	9780813939438	"$29.50"	"Apostles of Disunion: Southern Secession Commissioners and the Causes of the Civil War, 15th ed."		"Dew, Charles B."					"Summer 2017"	"2017-8-1"	"Annotation"			"University of Virginia Press"					"<img hspace=6 align=LEFT width=161 height=263alt=""Product Cover"" border=0 src=""/civilwarbookreview/images/jackets/apostlesofdisunionwr.jpg"">"						"<a href=http://www.upress.virginia.edu/title/1156>Click here for more information</a>"	
6535	199778809	"$19.99"	"The Great New Orleans Kidnaping Case: Race, Law, and Justice in the Reconstruction Era"		"Ross, Michael A."					"Fall 2017"	"2017-11-1"	"Annotation"			"Oxford University Press"					"<img hspace=6 align=LEFT width=161 height=243 alt=""Product Cover"" border=0 src=""/civilwarbookreview/images/jackets/neworleanskidnapping.jpg"">"						"<a href=https://global.oup.com/academic/product/the-great-new-orleans-kidnapping-case-9780190674120?q=The%20Great%20New%20Orleans%20Kidnaping%20Case:%20Race,%20Law,%20and%20Justice%20in%20the%20Reconstruction%20Era&lang=en&cc=us>Click here for more information</a>"	
6598	9780190270964	"$27.95"	"They Knew Lincoln"		"Washington, John E."	"Masur, Kate"				"Winter 2018"	"2018-2-1"	"Annotation"			"Oxford"					"<img hspace=6 align=LEFT width=161 height=244 alt=""Product Cover"" border=0 src=""/civilwarbookreview/images/jackets/washingtonlincoln.jpg"">"						"<a href=https://global.oup.com/academic/product/they-knew-lincoln-9780190270964?cc=us&lang=en&>Click here for more information</a>"	
6498	9781931464802	"$39.99"	"The Confederate Morse Carbine: Myth vs. Reality"		"Schiffers, Peter"					"Summer 2017"	"2017-8-1"	"Annotation"			"Mowbray Publishing"					"<img hspace=6 align=LEFT width=161 height=209alt=""Product Cover"" border=0 src=""/civilwarbookreview/images/jackets/carbinewr.jpg"">"						"<a href=https://gunandswordcollector.com/product/confederate-morse-carbine/>Click here for more information</a>"	
6592	9781421411040	"$54.95"	"DeWitt Clinton and Amos Eaton: Geology and Power in Early New York"		"Spanagel, David I."					"Winter 2018"	"2018-2-1"	"Annotation"								"<img hspace=6 align=LEFT width=161 height=241 alt=""Product Cover"" border=0 src=""/civilwarbookreview/images/jackets/spanagelclinton.jpg"">"						"<a href=https://jhupbooks.press.jhu.edu/content/dewitt-clinton-and-amos->Click here for more information</a>"	
6590	9781421422206	"$49.95"	"John W. Garrett and the Baltimore and Ohio Railroad"		"Sander, Kathleen Waters"					"Winter 2018"	"2018-2-1"	"Annotation"			"Johns Hopkins University Press"					"<img hspace=6 align=LEFT width=161 height=250 alt=""Product Cover"" border=0 src=""/civilwarbookreview/images/jackets/sanderbaltimore.jpg"">"						"<a href=https://jhupbooks.press.jhu.edu/content/john-w-garrett-and-baltimore-and-ohio-railroad >Click here for more information</a>"	
6481	9781421422770	"$29.95"	"Marrow of Tragedy: The Health Crisis of the American Civil War"		"Humphreys, Margaret"					"Summer 2017"	"2017-8-1"	"Annotation"			"Johns Hopkins University Press"					"<img hspace=6 align=LEFT width=161 height=242alt=""Product Cover"" border=0 src=""/civilwarbookreview/images/jackets/marrowwr.jpg"">"						"<a href=https://jhupbooks.press.jhu.edu/content/marrow-tragedy>Click here for more information</a>"	
6593	9781421422350	"$49.95"	"Wild by Nature: North American Animals Confront Colonization"		"Smalley, Andrea L."					"Winter 2018"	"2018-2-1"	"Annotation"			"Johns Hopkins University Press"					"<img hspace=6 align=LEFT width=161 height=241 alt=""Product Cover"" border=0 src=""/civilwarbookreview/images/jackets/wildnaturesmalley.jpg"">"						"<a href=https://jhupbooks.press.jhu.edu/content/wild-nature>Click here for more information</a>"	
6589	9780700623136	"$34.95"	"Grant Invades Tennessee: The 1862 Battles for Forts Henry and Donelson"		"Smith, Timothy B."					"Winter 2018"	"2018-2-1"	"Annotation"			"University Press of Kansas"					"<img hspace=6 align=LEFT width=161 height=223 alt=""Product Cover"" border=0 src=""/civilwarbookreview/images/jackets/smithgrantinvades.jpg"">"						"<a href=https://kansaspress.ku.edu/978-0-7006-2313-6.html >Click here for more information</a>"	
6585	9780700624904	"$27.95"	"Abolitionists, Doctors, Ranchers, and Writers: A Family Journey through American History"		"Getz, Lynne Marie"					"Winter 2018"	"2018-2-1"	"Annotation"			"University Press of Kansas"					"<img hspace=6 align=LEFT width=161 height=243 alt=""Product Cover"" border=0 src=""/civilwarbookreview/images/jackets/getzabolitionists.jpg"">"						"<a href=https://kansaspress.ku.edu/978-0-7006-2490-4.html>Click here for more information</a>"	
6551	9780807165980	"$199.00"	"Armies in Gray: The Organization History of the Confederate States Army in the Civil War"		"Fullerton, Dan C."					"Fall 2017"	"2017-11-1"	"Annotation"			"LSU Press"					"<img hspace=6 align=LEFT width=161 height=201 alt=""Product Cover"" border=0 src=""/civilwarbookreview/images/jackets/binghampeoplewr.jpg"">"						"<a href=https://lsupress.org/books/detail/armies-in-gray/>Click here for more information</a>"	
6594	9780807168516	"$39.95"	"Lee's Tigers Revisited: The Louisiana Infantry in the Army of Northern Virginia"		"Jones, Terry L."					"Winter 2018"	"2018-2-1"	"Annotation"			"LSU Press"					"<img hspace=6 align=LEFT width=161 height=241 alt=""Product Cover"" border=0 src=""/civilwarbookreview/images/jackets/jonestigers.jpg"">"						"<a href=https://lsupress.org/books/detail/lees-tigers-revisited/>Click here for more information</a>"	
6584	9780807164037	"$55.00"	"Wendell Phillips: Social Justice and the Power of the Past"		"Aiseirithe, A.J."	"Yacovone, Donald"				"Winter 2018"	"2018-2-1"	"Annotation"			"LSU Press"					": <img hspace=6 align=LEFT width=161 height=241 alt=""Product Cover"" border=0 src=""/civilwarbookreview/images/jackets/aiseirithewendell.jpg"">"						"<a href=https://lsupress.org/books/detail/wendell-phillips-social-justice-and-the-power-of-the-past/ >Click here for more information</a>"	
6537	9780807166635	"$35.00"	"While in the Hands of the Enemy: Military Prisons of the Civil War"		"Sanders, Charles W. Jr."					"Fall 2017"	"2017-11-1"	"Annotation"			"LSU Press"					"<img hspace=6 align=LEFT width=161 height=241 alt=""Product Cover"" border=0 src=""/civilwarbookreview/images/jackets/handsenemy.jpg"">"						"<a href=https://lsupress.org/books/detail/while-in-the-hands-of-the-enemy/>Click here for more information</a>"	
6600	9781476669588	"$35.00"	"That Bloody Hill: Hilliard's Legion at Chickamauga"		"Elder, Lee"					"Winter 2018"	"2018-2-1"	"Annotation"			"McFarland"					"<img hspace=6 align=LEFT width=161 height=241 alt=""Product Cover"" border=0 src=""/civilwarbookreview/images/jackets/elderbloody.jpg"">"						"<a href=https://mcfarlandbooks.com/product/that-bloody-hill/>Click here for more information</a>"	
6599	9781476662404	"$45.00"	"The 30th North Carolina Infantry in the Civil War: A History and Roster"		"Venner, William Thomas"					"Winter 2018"	"2018-2-1"	"Annotation"			"McFarland"					"<img hspace=6 align=LEFT width=161 height=230 alt=""Product Cover"" border=0 src=""/civilwarbookreview/images/jackets/vennercarolina.jpg"">"						"<a href=https://mcfarlandbooks.com/product/the-30th-north-carolina-infantry-in-the-civil-war/>Click here for more information</a>"	
6603	9781476671284	"$39.95"	"United States Revenue and Coast Guard Cutters in Naval Warfare, 1790-1918"		"Ostrom, Thomas P."	"Allen David H."				"Winter 2018"	"2018-2-1"	"Annotation"			"McFarland"					"<img hspace=6 align=LEFT width=161 height=242 alt=""Product Cover"" border=0 src=""/civilwarbookreview/images/jackets/ ostromcutters.jpg"">"						"<a href=https://mcfarlandbooks.com/product/united-states-revenue-and-coast-guard-cutters-in-naval-warfare-1790-1918/>Click here for more information</a>"	
6605	9781476670768	"$39.93"	"William Edmondson ""Grumble"" Jones: The Life of a Cantankerous Confederate"		"Ballard, James Buchanan"					"Winter 2018"	"2018-2-1"	"Annotation"			"McFarland"					"<img hspace=6 align=LEFT width=161 height=230 alt=""Product Cover"" border=0 src=""/civilwarbookreview/images/jackets/ballardconfederate.jpg"">"						"<a href=https://mcfarlandbooks.com/product/william-edmondson-grumble-jones>Click here for more information</a>"	
6536	1472819829	"$24.00"	"Nashville 1864: From the Tennessee to the Cumberland"		"Hook, Adam"	"Lardas, Mark"				"Fall 2017"	"2017-11-1"	"Annotation"			"Osprey"					"<img hspace=6 align=LEFT width=161 height=217 alt=""Product Cover"" border=0 src=""/civilwarbookreview/images/jackets/nashville.jpg"">"						"<a href=https://ospreypublishing.com/nashville-1864>Click here for more information</a>"	
6487	9781472815910	"$20.00"	"Sharpshooting Rifles of the American Civil War: Colt, Sharps, Spencer, and Whitworth"		"Pegler, Martin"					"Summer 2017"	"2017-8-1"	"Annotation"			"Osprey"					"<img hspace=6 align=LEFT width=161 height=217 alt=""Product Cover"" border=0 src=""/civilwarbookreview/images/jackets/sharpshootersgunwr.jpg"">"						"<a href=https://ospreypublishing.com/sharpshooting-rifles-of-the-american-civil-war>Click here for more information</a>"	
6476	9781442255746	"$38.00"	"Paying Freedom's Prices: A History of African Americans in the Civil War"		"Escott, Paul David"					"Summer 2017"	"2017-8-1"	"Annotation"			"Rowman and Littlefield"					"<img hspace=6 align=LEFT width=161 height=241alt=""Product Cover"" border=0 src=""/civilwarbookreview/images/jackets/freedomspricewr.jpg"">"						"<a href=https://rowman.com/ISBN/9781442255746/Paying-Freedom's-Price-A-History-of-African-Americans-in-the-Civil-War >Click here for more information</a>"	
6532		"$27.93"	"Horses in Gray: Famous Confederate Warhorses"		"Hawkins, JDR"					"Fall 2017"	"2017-11-1"	"Annotation"			"Pelican"					"<img hspace=6 align=LEFT width=161 height=241 alt=""Product Cover"" border=0 src=""/civilwarbookreview/images/jackets/horsesingray.jpg"">"						"<a href=https://www.amazon.com/84-00-Confederate-Warhorses-J-Hawkins/dp/145562327X>Click here for more information</a>"	
6533	9781467126229	"$21.99"	"Rail Depots of Eastern North Carolina"		"Neal, Larry K. Jr."					"Fall 2017"	"2017-11-1"	"Annotation"			"Arcadia"					"<img hspace=6 align=LEFT width=161 height=232 alt=""Product Cover"" border=0 src=""/civilwarbookreview/images/jackets/raildepotsnc.jpg"">"						"<a href=https://www.arcadiapublishing.com/Products/9781467126229>Click here for more information</a>"	
6606	9781467137195	"$21.95"	"Wisconsin and the Civil War"		"Larson, Ronald Paul"					"Winter 2018"	"2018-2-1"	"Annotation"			"History Press"					"<img hspace=6 align=LEFT width=161 height=241 alt=""Product Cover"" border=0 src=""/civilwarbookreview/images/jackets/larsonwisconsin.jpg"">"						"<a href=https://www.arcadiapublishing.com/Products/9781467137195>Click here for more information</a>"	
6497	9781625858245	"$21.99"	"California and the Civil War"		"Hurley, Richard"					"Summer 2017"	"2017-8-1"	"Annotation"			"History Press"					"<img hspace=6 align=LEFT width=161 height=246 alt=""Product Cover"" border=0 src=""/civilwarbookreview/images/jackets/californiacivilwarwr.jpg"">"						"<a href=https://www.arcadiapublishing.com/Products/9781625858245>Click here for more information</a>"	
6609	9781625858450	"$21.99"	"Civil War Missouri Compendium: Almost Unabridged"		"McCoskrie Jr., Joseph W."	"Warren, Brian"				"Winter 2018"	"2018-2-1"	"Annotation"			"History Press"					"<img hspace=6 align=LEFT width=161 height=241 alt=""Product Cover"" border=0 src=""/civilwarbookreview/images/jackets/mccoskriemissouri.jpg"">"						"<a href=https://www.arcadiapublishing.com/Products/9781625858450>Click here for more information</a>"	
6610	9781625859938	"$21.99"	"Favorite Sons of Civil War Kentucky"		"Bush, Bryan S."					"Winter 2018"	"2018-2-1"	"Annotation"			"History Press"					"<img hspace=6 align=LEFT width=161 height=243 alt=""Product Cover"" border=0 src=""/civilwarbookreview/images/jackets/sonskentucky.jpg"">"						"<a href=https://www.arcadiapublishing.com/Products/9781625859938>Click here for more information</a>"	
6538	9781626196438	"$21.99"	"Hidden History of Civil War Savannah"		"Jordan, Michael L."					"Fall 2017"	"2017-11-1"	"Annotation"			"History Press"					"<img hspace=6 align=LEFT width=161 height=244 alt=""Product Cover"" border=0 src=""/civilwarbookreview/images/jackets/civilwarsavannah.jpg"">"						"<a href=https://www.arcadiapublishing.com/Products/9781626196438>Click here for more information</a>"	
6546	9781611213508	"$16.95"	"Gabriel Rains and the Confederate Torpedo Bureau"		"Waters, W. Davis"	"Brown, Joseph"				"Fall 2017"	"2017-11-1"	"Annotation"			"Savas Beatie"					"<img hspace=6 align=LEFT width=161 height=116 alt=""Product Cover"" border=0 src=""/civilwarbookreview/images/jackets/binghampeoplewr.jpg"">"						"<a href=https://www.casematepublishers.com/distributed-publishers/savas-beatie/gabriel-rains-and-the-confederate-torpedo-bureau.html#.WfC4SGhSyCo>Click here for more information</a>"	
6539	9781611213027	"$32.95"	"The Maryland Campaign of September 1862. Volume III: Shepherdstown Ford and the End of the Campaign"		"Carman, Ezra A."	"Clemens, Thomas"				"Fall 2017"	"2017-11-1"	"Annotation"			"Savas Beatie"					"<img hspace=6 align=LEFT width=161 height=236 alt=""Product Cover"" border=0 src=""/civilwarbookreview/images/jackets/marylandcampaign.jpg"">"						"<a href=https://www.casematepublishers.com/subject-categories/military-history-by-century/19th-century/american-civil-war/the-maryland-campaign-of-september-1862-volume-iii.html#.WfC2PGhSyCo>Click here for more information</a>"	
6547	9780738753362	"$15.99"	"Ghosts of the Civil War"		"Newman, Rich"					"Fall 2017"	"2017-11-1"	"Annotation"			"Llewellyn Publications"					"<img hspace=6 align=LEFT width=161 height=245 alt=""Product Cover"" border=0 src=""/civilwarbookreview/images/jackets/ghostscw.jpg"">"						"<a href=https://www.llewellyn.com/product.php?ean=9780738753362>Click here for more information</a>"	
6596	9780143121787	"$20.00"	"A Nation Without Borders: The United States and Its World in an Age of Civil Wars, 1830-1910"		"Hahn, Steven"					"Winter 2018"	"2018-2-1"	"Annotation"			"Penguin Books; Reprint edition"					"<img hspace=6 align=LEFT width=161 height=241 alt=""Product Cover"" border=0 src=""/civilwarbookreview/images/jackets/hahnnation.jpg"">"						"<a href=https://www.penguinrandomhouse.com/books/529359/a-nation-without-borders-by-steven-hahn/>Click here for more information</a>"	
6555	"978-1-61117-754-1"	"$49.99"	"Resolute Rebel: General Roswell S. Ripley, Charleston's Gallant Defender"		"Bennett, Chet"					"Fall 2017"	"2017-11-1"	"Annotation"			"University of South Carolina Press"					"<img hspace=6 align=LEFT width=161 height=243 alt=""Product Cover"" border=0 src=""/civilwarbookreview/images/jackets/bennettresolute.jpg"">"						"<a href=https://www.sc.edu/uscpress/books/2017/7754.html>Click here for more information</a>"	
6588	9781611177923	"$49.95"	"The Best Gun in the World: George Woodward Morse and the South Carolina State Military Works"		"Seigler, Robert S."					"Winter 2018"	"2018-2-1"	"Annotation"			"University of South Carolina Press"					"<img hspace=6 align=LEFT width=161 height=230 alt=""Product Cover"" border=0 src=""/civilwarbookreview/images/jackets/seiglerbestgun.jpg"">"						"<a href=https://www.sc.edu/uscpress/books/2017/7792.html>Click here for more information</a>"	
6607	9781611214062	"$19.95"	"A Vast Sea of Misery: A History and Guide to the Union and Confederate Field Hospitals at Gettysburg, July 1-November 20, 1863"		"Coco, Gregory"					"Winter 2018"	"2018-2-1"				"Savas Beatie; Reprint edition"					"<img hspace=6 align=LEFT width=161 height=228 alt=""Product Cover"" border=0 src=""/civilwarbookreview/images/jackets/cocomisery.jpg"">"						"<a href=http://www.savasbeatie.com/books/book_page.php?bookVAR=SeaofMisery&bookType=about&authorID1=GACoco&authorID2=empty&authorID3=empty&authorID4=empty&authorID5=empty>Click here for more information</a>"	
